-- phpMyAdmin SQL Dump
-- version 5.1.1
-- https://www.phpmyadmin.net/
--
-- Host: 127.0.0.1
-- Generation Time: Dec 14, 2023 at 08:35 AM
-- Server version: 10.4.21-MariaDB
-- PHP Version: 8.0.11

SET SQL_MODE = "NO_AUTO_VALUE_ON_ZERO";
START TRANSACTION;
SET time_zone = "+00:00";


/*!40101 SET @OLD_CHARACTER_SET_CLIENT=@@CHARACTER_SET_CLIENT */;
/*!40101 SET @OLD_CHARACTER_SET_RESULTS=@@CHARACTER_SET_RESULTS */;
/*!40101 SET @OLD_COLLATION_CONNECTION=@@COLLATION_CONNECTION */;
/*!40101 SET NAMES utf8mb4 */;

--
-- Database: `project-dcsms`
--

-- --------------------------------------------------------

--
-- Table structure for table `announcements`
--

CREATE TABLE `announcements` (
  `aid` int(200) NOT NULL,
  `posttype` varchar(200) NOT NULL,
  `subject` varchar(200) NOT NULL,
  `text` text NOT NULL,
  `timestamp` timestamp NOT NULL DEFAULT current_timestamp()
) ENGINE=InnoDB DEFAULT CHARSET=utf8mb4;

--
-- Dumping data for table `announcements`
--

INSERT INTO `announcements` (`aid`, `posttype`, `subject`, `text`, `timestamp`) VALUES
(1, 'Announcement', 'Franklin DC- Winter Student Employment', 'Winter employment opportunities are limited at UMass Dining. Franklin, Berkshire, and Hampshire are closed, Harvest has limited hours, and Blue Wall and Worcester are closed until mid-January. Worcester is unsure about winter positions. The week after finals may have some shifts, and efforts are being made to allow students to work concessions events during winter. Interested individuals can email Vara Prasad for information, but it doesn\'t guarantee a position. Attendance and willingness to work in various departments will be considered if only a few positions are available. Students are advised not to directly approach Worcester for jobs.', '2023-11-30 17:57:46'),
(2, 'Warning', 'Irregular Punch-in Punch-out', 'Irregular Punch-in Punch-out Practices Detected! Please Adhere to Dining Policies and Ensure Timely Attendance. Failure to Comply May Result in Disciplinary Action.', '2023-11-30 17:57:46'),
(3, 'Warning', 'Test Email', 'warning sent', '2023-11-30 17:57:46'),
(4, 'Announcement', 'Test Email', 'Mullins Event Remainder', '2023-11-30 17:57:46'),
(5, 'Announcement', 'fgdfdfdgedt', 'dfsghtjhrgjhryhjheuiljbkljnkljn ksjhgknk gvjngnkln', '2023-12-08 16:29:00'),
(6, 'Warning', 'WARNING SENT', 'WARNING SENTWARNING SENTWARNING SENTWARNING SENTWARNING SENTWARNING SENT', '2023-12-14 04:52:08');

-- --------------------------------------------------------

--
-- Table structure for table `category`
--

CREATE TABLE `category` (
  `cid` int(11) NOT NULL,
  `cname` varchar(50) NOT NULL
) ENGINE=InnoDB DEFAULT CHARSET=utf8mb4;

--
-- Dumping data for table `category`
--

INSERT INTO `category` (`cid`, `cname`) VALUES
(1000, 'Line'),
(2000, 'GrabnGo'),
(3000, 'Dishroom'),
(4000, 'Kitchen');

-- --------------------------------------------------------

--
-- Table structure for table `schedule`
--

CREATE TABLE `schedule` (
  `schid` int(10) NOT NULL,
  `day` varchar(15) NOT NULL,
  `starttime` varchar(200) NOT NULL,
  `endtime` varchar(200) NOT NULL,
  `cid` int(10) NOT NULL,
  `sid` int(10) DEFAULT NULL,
  `scid` int(10) NOT NULL
) ENGINE=InnoDB DEFAULT CHARSET=utf8mb4;

--
-- Dumping data for table `schedule`
--

INSERT INTO `schedule` (`schid`, `day`, `starttime`, `endtime`, `cid`, `sid`, `scid`) VALUES
(753, 'Sunday', '08:00', '12:00', 1000, NULL, 1010),
(754, 'Monday', '08:00', '12:00', 1000, NULL, 1010),
(755, 'Tuesday', '08:00', '12:00', 1000, NULL, 1010),
(756, 'Wednesday', '08:00', '12:00', 1000, NULL, 1010),
(757, 'Thursday', '08:00', '12:00', 1000, NULL, 1010),
(758, 'Friday', '08:00', '12:00', 1000, NULL, 1010),
(759, 'Saturday', '08:00', '12:00', 1000, NULL, 1010),
(760, 'Sunday', '10:00', '14:00', 1000, NULL, 1010),
(761, 'Monday', '10:00', '14:00', 1000, NULL, 1010),
(762, 'Tuesday', '10:00', '14:00', 1000, NULL, 1010),
(763, 'Wednesday', '10:00', '14:00', 1000, NULL, 1010),
(764, 'Thursday', '10:00', '14:00', 1000, NULL, 1010),
(765, 'Friday', '10:00', '14:00', 1000, NULL, 1010),
(766, 'Saturday', '10:00', '14:00', 1000, NULL, 1010),
(767, 'Sunday', '10:00', '14:00', 1000, NULL, 1010),
(768, 'Monday', '10:00', '14:00', 1000, NULL, 1010),
(769, 'Tuesday', '10:00', '14:00', 1000, NULL, 1010),
(770, 'Wednesday', '10:00', '14:00', 1000, NULL, 1010),
(771, 'Thursday', '10:00', '14:00', 1000, NULL, 1010),
(772, 'Friday', '10:00', '14:00', 1000, NULL, 1010),
(773, 'Saturday', '10:00', '14:00', 1000, NULL, 1010),
(774, 'Sunday', '10:00', '16:00', 1000, NULL, 1010),
(775, 'Monday', '10:00', '16:00', 1000, NULL, 1010),
(776, 'Tuesday', '10:00', '16:00', 1000, NULL, 1010),
(777, 'Wednesday', '10:00', '16:00', 1000, NULL, 1010),
(778, 'Thursday', '10:00', '16:00', 1000, NULL, 1010),
(779, 'Friday', '10:00', '16:00', 1000, NULL, 1010),
(780, 'Saturday', '10:00', '16:00', 1000, NULL, 1010),
(781, 'Sunday', '10:00', '16:00', 1000, NULL, 1010),
(782, 'Monday', '10:00', '16:00', 1000, NULL, 1010),
(783, 'Tuesday', '10:00', '16:00', 1000, NULL, 1010),
(784, 'Wednesday', '10:00', '16:00', 1000, NULL, 1010),
(785, 'Thursday', '10:00', '16:00', 1000, NULL, 1010),
(786, 'Friday', '10:00', '16:00', 1000, NULL, 1010),
(787, 'Saturday', '10:00', '16:00', 1000, NULL, 1010),
(788, 'Sunday', '12:00', '16:00', 1000, NULL, 1010),
(789, 'Monday', '12:00', '16:00', 1000, NULL, 1010),
(790, 'Tuesday', '12:00', '16:00', 1000, NULL, 1010),
(791, 'Wednesday', '12:00', '16:00', 1000, NULL, 1010),
(792, 'Thursday', '12:00', '16:00', 1000, NULL, 1010),
(793, 'Friday', '12:00', '16:00', 1000, NULL, 1010),
(794, 'Saturday', '12:00', '16:00', 1000, NULL, 1010),
(795, 'Sunday', '12:00', '16:00', 1000, NULL, 1010),
(796, 'Monday', '12:00', '16:00', 1000, NULL, 1010),
(797, 'Tuesday', '12:00', '16:00', 1000, NULL, 1010),
(798, 'Wednesday', '12:00', '16:00', 1000, NULL, 1010),
(799, 'Thursday', '12:00', '16:00', 1000, NULL, 1010),
(800, 'Friday', '12:00', '16:00', 1000, NULL, 1010),
(801, 'Saturday', '12:00', '16:00', 1000, NULL, 1010),
(802, 'Sunday', '12:00', '16:00', 1000, NULL, 1010),
(803, 'Monday', '12:00', '16:00', 1000, NULL, 1010),
(804, 'Tuesday', '12:00', '16:00', 1000, NULL, 1010),
(805, 'Wednesday', '12:00', '16:00', 1000, NULL, 1010),
(806, 'Thursday', '12:00', '16:00', 1000, NULL, 1010),
(807, 'Friday', '12:00', '16:00', 1000, NULL, 1010),
(808, 'Saturday', '12:00', '16:00', 1000, NULL, 1010),
(809, 'Sunday', '12:00', '18:00', 1000, NULL, 1010),
(810, 'Monday', '12:00', '18:00', 1000, NULL, 1010),
(811, 'Tuesday', '12:00', '18:00', 1000, NULL, 1010),
(812, 'Wednesday', '12:00', '18:00', 1000, NULL, 1010),
(813, 'Thursday', '12:00', '18:00', 1000, NULL, 1010),
(814, 'Friday', '12:00', '18:00', 1000, NULL, 1010),
(815, 'Saturday', '12:00', '18:00', 1000, NULL, 1010),
(816, 'Sunday', '12:00', '18:00', 1000, NULL, 1010),
(817, 'Monday', '12:00', '18:00', 1000, NULL, 1010),
(818, 'Tuesday', '12:00', '18:00', 1000, NULL, 1010),
(819, 'Wednesday', '12:00', '18:00', 1000, NULL, 1010),
(820, 'Thursday', '12:00', '18:00', 1000, NULL, 1010),
(821, 'Friday', '12:00', '18:00', 1000, NULL, 1010),
(822, 'Saturday', '12:00', '18:00', 1000, NULL, 1010),
(823, 'Sunday', '12:00', '18:00', 1000, NULL, 1010),
(824, 'Monday', '12:00', '18:00', 1000, NULL, 1010),
(825, 'Tuesday', '12:00', '18:00', 1000, NULL, 1010),
(826, 'Wednesday', '12:00', '18:00', 1000, NULL, 1010),
(827, 'Thursday', '12:00', '18:00', 1000, NULL, 1010),
(828, 'Friday', '12:00', '18:00', 1000, NULL, 1010),
(829, 'Saturday', '12:00', '18:00', 1000, NULL, 1010),
(830, 'Sunday', '12:00', '20:00', 1000, NULL, 1010),
(831, 'Monday', '12:00', '20:00', 1000, NULL, 1010),
(832, 'Tuesday', '12:00', '20:00', 1000, NULL, 1010),
(833, 'Wednesday', '12:00', '20:00', 1000, NULL, 1010),
(834, 'Thursday', '12:00', '20:00', 1000, NULL, 1010),
(835, 'Friday', '12:00', '20:00', 1000, NULL, 1010),
(836, 'Saturday', '12:00', '20:00', 1000, NULL, 1010),
(837, 'Sunday', '14:00', '21:30', 1000, NULL, 1010),
(838, 'Monday', '14:00', '21:30', 1000, NULL, 1010),
(839, 'Tuesday', '14:00', '21:30', 1000, NULL, 1010),
(840, 'Wednesday', '14:00', '21:30', 1000, NULL, 1010),
(841, 'Thursday', '14:00', '21:30', 1000, NULL, 1010),
(842, 'Friday', '14:00', '21:30', 1000, NULL, 1010),
(843, 'Saturday', '14:00', '21:30', 1000, NULL, 1010),
(844, 'Sunday', '14:00', '21:30', 1000, NULL, 1010),
(845, 'Monday', '14:00', '21:30', 1000, NULL, 1010),
(846, 'Tuesday', '14:00', '21:30', 1000, NULL, 1010),
(847, 'Wednesday', '14:00', '21:30', 1000, NULL, 1010),
(848, 'Thursday', '14:00', '21:30', 1000, NULL, 1010),
(849, 'Friday', '14:00', '21:30', 1000, NULL, 1010),
(850, 'Saturday', '14:00', '21:30', 1000, NULL, 1010),
(851, 'Sunday', '14:00', '21:30', 1000, NULL, 1010),
(852, 'Monday', '14:00', '21:30', 1000, NULL, 1010),
(853, 'Tuesday', '14:00', '21:30', 1000, NULL, 1010),
(854, 'Wednesday', '14:00', '21:30', 1000, NULL, 1010),
(855, 'Thursday', '14:00', '21:30', 1000, NULL, 1010),
(856, 'Friday', '14:00', '21:30', 1000, NULL, 1010),
(857, 'Saturday', '14:00', '21:30', 1000, NULL, 1010),
(858, 'Sunday', '14:00', '21:30', 1000, NULL, 1010),
(859, 'Monday', '14:00', '21:30', 1000, NULL, 1010),
(860, 'Tuesday', '14:00', '21:30', 1000, NULL, 1010),
(861, 'Wednesday', '14:00', '21:30', 1000, NULL, 1010),
(862, 'Thursday', '14:00', '21:30', 1000, NULL, 1010),
(863, 'Friday', '14:00', '21:30', 1000, NULL, 1010),
(864, 'Saturday', '14:00', '21:30', 1000, NULL, 1010),
(865, 'Sunday', '17:30', '21:30', 1000, NULL, 1010),
(866, 'Monday', '17:30', '21:30', 1000, NULL, 1010),
(867, 'Tuesday', '17:30', '21:30', 1000, NULL, 1010),
(868, 'Wednesday', '17:30', '21:30', 1000, NULL, 1010),
(869, 'Thursday', '17:30', '21:30', 1000, NULL, 1010),
(870, 'Friday', '17:30', '21:30', 1000, NULL, 1010),
(871, 'Saturday', '17:30', '21:30', 1000, NULL, 1010),
(872, 'Sunday', '17:30', '21:30', 1000, NULL, 1010),
(873, 'Monday', '17:30', '21:30', 1000, NULL, 1010),
(874, 'Tuesday', '17:30', '21:30', 1000, NULL, 1010),
(875, 'Wednesday', '17:30', '21:30', 1000, NULL, 1010),
(876, 'Thursday', '17:30', '21:30', 1000, NULL, 1010),
(877, 'Friday', '17:30', '21:30', 1000, NULL, 1010),
(878, 'Saturday', '17:30', '21:30', 1000, NULL, 1010),
(879, 'Sunday', '17:30', '21:30', 1000, NULL, 1010),
(880, 'Monday', '17:30', '21:30', 1000, NULL, 1010),
(881, 'Tuesday', '17:30', '21:30', 1000, NULL, 1010),
(882, 'Wednesday', '17:30', '21:30', 1000, NULL, 1010),
(883, 'Thursday', '17:30', '21:30', 1000, NULL, 1010),
(884, 'Friday', '17:30', '21:30', 1000, NULL, 1010),
(885, 'Saturday', '17:30', '21:30', 1000, NULL, 1010),
(886, 'Sunday', '17:30', '21:30', 1000, NULL, 1010),
(887, 'Monday', '17:30', '21:30', 1000, NULL, 1010),
(888, 'Tuesday', '17:30', '21:30', 1000, NULL, 1010),
(889, 'Wednesday', '17:30', '21:30', 1000, NULL, 1010),
(890, 'Thursday', '17:30', '21:30', 1000, NULL, 1010),
(891, 'Friday', '17:30', '21:30', 1000, NULL, 1010),
(892, 'Saturday', '17:30', '21:30', 1000, NULL, 1010),
(893, 'Sunday', '17:30', '21:30', 1000, NULL, 1010),
(894, 'Monday', '17:30', '21:30', 1000, NULL, 1010),
(895, 'Tuesday', '17:30', '21:30', 1000, NULL, 1010),
(896, 'Wednesday', '17:30', '21:30', 1000, NULL, 1010),
(897, 'Thursday', '17:30', '21:30', 1000, NULL, 1010),
(898, 'Friday', '17:30', '21:30', 1000, NULL, 1010),
(899, 'Saturday', '17:30', '21:30', 1000, NULL, 1010),
(900, 'Sunday', '17:30', '21:30', 1000, NULL, 1010),
(901, 'Monday', '17:30', '21:30', 1000, NULL, 1010),
(902, 'Tuesday', '17:30', '21:30', 1000, NULL, 1010),
(903, 'Wednesday', '17:30', '21:30', 1000, NULL, 1010),
(904, 'Thursday', '17:30', '21:30', 1000, NULL, 1010),
(905, 'Friday', '17:30', '21:30', 1000, NULL, 1010),
(906, 'Saturday', '17:30', '21:30', 1000, NULL, 1010),
(907, 'Sunday', '17:30', '21:30', 1000, NULL, 1010),
(908, 'Monday', '17:30', '21:30', 1000, NULL, 1010),
(909, 'Tuesday', '17:30', '21:30', 1000, NULL, 1010),
(910, 'Wednesday', '17:30', '21:30', 1000, NULL, 1010),
(911, 'Thursday', '17:30', '21:30', 1000, NULL, 1010),
(912, 'Friday', '17:30', '21:30', 1000, NULL, 1010),
(913, 'Saturday', '17:30', '21:30', 1000, NULL, 1010),
(914, 'Sunday', '17:30', '21:30', 1000, NULL, 1010),
(915, 'Monday', '17:30', '21:30', 1000, NULL, 1010),
(916, 'Tuesday', '17:30', '21:30', 1000, NULL, 1010),
(917, 'Wednesday', '17:30', '21:30', 1000, NULL, 1010),
(918, 'Thursday', '17:30', '21:30', 1000, NULL, 1010),
(919, 'Friday', '17:30', '21:30', 1000, NULL, 1010),
(920, 'Saturday', '17:30', '21:30', 1000, NULL, 1010),
(921, 'Sunday', '17:30', '21:30', 1000, NULL, 1010),
(922, 'Monday', '17:30', '21:30', 1000, NULL, 1010),
(923, 'Tuesday', '17:30', '21:30', 1000, NULL, 1010),
(924, 'Wednesday', '17:30', '21:30', 1000, NULL, 1010),
(925, 'Thursday', '17:30', '21:30', 1000, NULL, 1010),
(926, 'Friday', '17:30', '21:30', 1000, NULL, 1010),
(927, 'Saturday', '17:30', '21:30', 1000, NULL, 1010),
(928, 'Sunday', '08:00', '12:00', 1000, NULL, 1011),
(929, 'Monday', '08:00', '12:00', 1000, NULL, 1011),
(930, 'Tuesday', '08:00', '12:00', 1000, NULL, 1011),
(931, 'Wednesday', '08:00', '12:00', 1000, NULL, 1011),
(932, 'Thursday', '08:00', '12:00', 1000, NULL, 1011),
(933, 'Friday', '08:00', '12:00', 1000, NULL, 1011),
(934, 'Saturday', '08:00', '12:00', 1000, NULL, 1011),
(935, 'Sunday', '10:00', '14:00', 1000, NULL, 1011),
(936, 'Monday', '10:00', '14:00', 1000, NULL, 1011),
(937, 'Tuesday', '10:00', '14:00', 1000, NULL, 1011),
(938, 'Wednesday', '10:00', '14:00', 1000, NULL, 1011),
(939, 'Thursday', '10:00', '14:00', 1000, NULL, 1011),
(940, 'Friday', '10:00', '14:00', 1000, NULL, 1011),
(941, 'Saturday', '10:00', '14:00', 1000, NULL, 1011),
(942, 'Sunday', '10:00', '14:00', 1000, NULL, 1011),
(943, 'Monday', '10:00', '14:00', 1000, NULL, 1011),
(944, 'Tuesday', '10:00', '14:00', 1000, NULL, 1011),
(945, 'Wednesday', '10:00', '14:00', 1000, NULL, 1011),
(946, 'Thursday', '10:00', '14:00', 1000, NULL, 1011),
(947, 'Friday', '10:00', '14:00', 1000, NULL, 1011),
(948, 'Saturday', '10:00', '14:00', 1000, NULL, 1011),
(949, 'Sunday', '10:00', '16:00', 1000, NULL, 1011),
(950, 'Monday', '10:00', '16:00', 1000, NULL, 1011),
(951, 'Tuesday', '10:00', '16:00', 1000, NULL, 1011),
(952, 'Wednesday', '10:00', '16:00', 1000, NULL, 1011),
(953, 'Thursday', '10:00', '16:00', 1000, NULL, 1011),
(954, 'Friday', '10:00', '16:00', 1000, NULL, 1011),
(955, 'Saturday', '10:00', '16:00', 1000, NULL, 1011),
(956, 'Sunday', '10:00', '16:00', 1000, NULL, 1011),
(957, 'Monday', '10:00', '16:00', 1000, NULL, 1011),
(958, 'Tuesday', '10:00', '16:00', 1000, NULL, 1011),
(959, 'Wednesday', '10:00', '16:00', 1000, NULL, 1011),
(960, 'Thursday', '10:00', '16:00', 1000, NULL, 1011),
(961, 'Friday', '10:00', '16:00', 1000, NULL, 1011),
(962, 'Saturday', '10:00', '16:00', 1000, NULL, 1011),
(963, 'Sunday', '12:00', '16:00', 1000, NULL, 1011),
(964, 'Monday', '12:00', '16:00', 1000, NULL, 1011),
(965, 'Tuesday', '12:00', '16:00', 1000, NULL, 1011),
(966, 'Wednesday', '12:00', '16:00', 1000, NULL, 1011),
(967, 'Thursday', '12:00', '16:00', 1000, NULL, 1011),
(968, 'Friday', '12:00', '16:00', 1000, NULL, 1011),
(969, 'Saturday', '12:00', '16:00', 1000, NULL, 1011),
(970, 'Sunday', '12:00', '16:00', 1000, NULL, 1011),
(971, 'Monday', '12:00', '16:00', 1000, NULL, 1011),
(972, 'Tuesday', '12:00', '16:00', 1000, NULL, 1011),
(973, 'Wednesday', '12:00', '16:00', 1000, NULL, 1011),
(974, 'Thursday', '12:00', '16:00', 1000, NULL, 1011),
(975, 'Friday', '12:00', '16:00', 1000, NULL, 1011),
(976, 'Saturday', '12:00', '16:00', 1000, NULL, 1011),
(977, 'Sunday', '12:00', '18:00', 1000, NULL, 1011),
(978, 'Monday', '12:00', '18:00', 1000, NULL, 1011),
(979, 'Tuesday', '12:00', '18:00', 1000, NULL, 1011),
(980, 'Wednesday', '12:00', '18:00', 1000, NULL, 1011),
(981, 'Thursday', '12:00', '18:00', 1000, NULL, 1011),
(982, 'Friday', '12:00', '18:00', 1000, NULL, 1011),
(983, 'Saturday', '12:00', '18:00', 1000, NULL, 1011),
(984, 'Sunday', '12:00', '18:00', 1000, NULL, 1011),
(985, 'Monday', '12:00', '18:00', 1000, NULL, 1011),
(986, 'Tuesday', '12:00', '18:00', 1000, NULL, 1011),
(987, 'Wednesday', '12:00', '18:00', 1000, NULL, 1011),
(988, 'Thursday', '12:00', '18:00', 1000, NULL, 1011),
(989, 'Friday', '12:00', '18:00', 1000, NULL, 1011),
(990, 'Saturday', '12:00', '18:00', 1000, NULL, 1011),
(991, 'Sunday', '12:00', '18:00', 1000, NULL, 1011),
(992, 'Monday', '12:00', '18:00', 1000, NULL, 1011),
(993, 'Tuesday', '12:00', '18:00', 1000, NULL, 1011),
(994, 'Wednesday', '12:00', '18:00', 1000, NULL, 1011),
(995, 'Thursday', '12:00', '18:00', 1000, NULL, 1011),
(996, 'Friday', '12:00', '18:00', 1000, NULL, 1011),
(997, 'Saturday', '12:00', '18:00', 1000, NULL, 1011),
(998, 'Sunday', '12:00', '18:00', 1000, NULL, 1011),
(999, 'Monday', '12:00', '18:00', 1000, NULL, 1011),
(1000, 'Tuesday', '12:00', '18:00', 1000, NULL, 1011),
(1001, 'Wednesday', '12:00', '18:00', 1000, NULL, 1011),
(1002, 'Thursday', '12:00', '18:00', 1000, NULL, 1011),
(1003, 'Friday', '12:00', '18:00', 1000, NULL, 1011),
(1004, 'Saturday', '12:00', '18:00', 1000, NULL, 1011),
(1005, 'Sunday', '12:00', '20:00', 1000, NULL, 1011),
(1006, 'Monday', '12:00', '20:00', 1000, NULL, 1011),
(1007, 'Tuesday', '12:00', '20:00', 1000, NULL, 1011),
(1008, 'Wednesday', '12:00', '20:00', 1000, NULL, 1011),
(1009, 'Thursday', '12:00', '20:00', 1000, NULL, 1011),
(1010, 'Friday', '12:00', '20:00', 1000, NULL, 1011),
(1011, 'Saturday', '12:00', '20:00', 1000, NULL, 1011),
(1012, 'Sunday', '14:00', '21:30', 1000, NULL, 1011),
(1013, 'Monday', '14:00', '21:30', 1000, NULL, 1011),
(1014, 'Tuesday', '14:00', '21:30', 1000, NULL, 1011),
(1015, 'Wednesday', '14:00', '21:30', 1000, NULL, 1011),
(1016, 'Thursday', '14:00', '21:30', 1000, NULL, 1011),
(1017, 'Friday', '14:00', '21:30', 1000, NULL, 1011),
(1018, 'Saturday', '14:00', '21:30', 1000, NULL, 1011),
(1019, 'Sunday', '14:00', '21:30', 1000, NULL, 1011),
(1020, 'Monday', '14:00', '21:30', 1000, NULL, 1011),
(1021, 'Tuesday', '14:00', '21:30', 1000, NULL, 1011),
(1022, 'Wednesday', '14:00', '21:30', 1000, NULL, 1011),
(1023, 'Thursday', '14:00', '21:30', 1000, NULL, 1011),
(1024, 'Friday', '14:00', '21:30', 1000, NULL, 1011),
(1025, 'Saturday', '14:00', '21:30', 1000, NULL, 1011),
(1026, 'Sunday', '14:00', '21:30', 1000, NULL, 1011),
(1027, 'Monday', '14:00', '21:30', 1000, NULL, 1011),
(1028, 'Tuesday', '14:00', '21:30', 1000, NULL, 1011),
(1029, 'Wednesday', '14:00', '21:30', 1000, NULL, 1011),
(1030, 'Thursday', '14:00', '21:30', 1000, NULL, 1011),
(1031, 'Friday', '14:00', '21:30', 1000, NULL, 1011),
(1032, 'Saturday', '14:00', '21:30', 1000, NULL, 1011),
(1033, 'Sunday', '14:00', '21:30', 1000, NULL, 1011),
(1034, 'Monday', '14:00', '21:30', 1000, NULL, 1011),
(1035, 'Tuesday', '14:00', '21:30', 1000, NULL, 1011),
(1036, 'Wednesday', '14:00', '21:30', 1000, NULL, 1011),
(1037, 'Thursday', '14:00', '21:30', 1000, NULL, 1011),
(1038, 'Friday', '14:00', '21:30', 1000, NULL, 1011),
(1039, 'Saturday', '14:00', '21:30', 1000, NULL, 1011),
(1040, 'Sunday', '17:30', '21:30', 1000, NULL, 1011),
(1041, 'Monday', '17:30', '21:30', 1000, NULL, 1011),
(1042, 'Tuesday', '17:30', '21:30', 1000, NULL, 1011),
(1043, 'Wednesday', '17:30', '21:30', 1000, NULL, 1011),
(1044, 'Thursday', '17:30', '21:30', 1000, NULL, 1011),
(1045, 'Friday', '17:30', '21:30', 1000, NULL, 1011),
(1046, 'Saturday', '17:30', '21:30', 1000, NULL, 1011),
(1047, 'Sunday', '17:30', '21:30', 1000, NULL, 1011),
(1048, 'Monday', '17:30', '21:30', 1000, NULL, 1011),
(1049, 'Tuesday', '17:30', '21:30', 1000, NULL, 1011),
(1050, 'Wednesday', '17:30', '21:30', 1000, NULL, 1011),
(1051, 'Thursday', '17:30', '21:30', 1000, NULL, 1011),
(1052, 'Friday', '17:30', '21:30', 1000, NULL, 1011),
(1053, 'Saturday', '17:30', '21:30', 1000, NULL, 1011),
(1054, 'Sunday', '17:30', '21:30', 1000, NULL, 1011),
(1055, 'Monday', '17:30', '21:30', 1000, NULL, 1011),
(1056, 'Tuesday', '17:30', '21:30', 1000, NULL, 1011),
(1057, 'Wednesday', '17:30', '21:30', 1000, NULL, 1011),
(1058, 'Thursday', '17:30', '21:30', 1000, NULL, 1011),
(1059, 'Friday', '17:30', '21:30', 1000, NULL, 1011),
(1060, 'Saturday', '17:30', '21:30', 1000, NULL, 1011),
(1061, 'Sunday', '17:30', '21:30', 1000, NULL, 1011),
(1062, 'Monday', '17:30', '21:30', 1000, NULL, 1011),
(1063, 'Tuesday', '17:30', '21:30', 1000, NULL, 1011),
(1064, 'Wednesday', '17:30', '21:30', 1000, NULL, 1011),
(1065, 'Thursday', '17:30', '21:30', 1000, NULL, 1011),
(1066, 'Friday', '17:30', '21:30', 1000, NULL, 1011),
(1067, 'Saturday', '17:30', '21:30', 1000, NULL, 1011),
(1068, 'Sunday', '17:30', '21:30', 1000, NULL, 1011),
(1069, 'Monday', '17:30', '21:30', 1000, NULL, 1011),
(1070, 'Tuesday', '17:30', '21:30', 1000, NULL, 1011),
(1071, 'Wednesday', '17:30', '21:30', 1000, NULL, 1011),
(1072, 'Thursday', '17:30', '21:30', 1000, NULL, 1011),
(1073, 'Friday', '17:30', '21:30', 1000, NULL, 1011),
(1074, 'Saturday', '17:30', '21:30', 1000, NULL, 1011),
(1075, 'Sunday', '17:30', '21:30', 1000, NULL, 1011),
(1076, 'Monday', '17:30', '21:30', 1000, NULL, 1011),
(1077, 'Tuesday', '17:30', '21:30', 1000, NULL, 1011),
(1078, 'Wednesday', '17:30', '21:30', 1000, NULL, 1011),
(1079, 'Thursday', '17:30', '21:30', 1000, NULL, 1011),
(1080, 'Friday', '17:30', '21:30', 1000, NULL, 1011),
(1081, 'Saturday', '17:30', '21:30', 1000, NULL, 1011),
(1082, 'Sunday', '17:30', '21:30', 1000, NULL, 1011),
(1083, 'Monday', '17:30', '21:30', 1000, NULL, 1011),
(1084, 'Tuesday', '17:30', '21:30', 1000, NULL, 1011),
(1085, 'Wednesday', '17:30', '21:30', 1000, NULL, 1011),
(1086, 'Thursday', '17:30', '21:30', 1000, NULL, 1011),
(1087, 'Friday', '17:30', '21:30', 1000, NULL, 1011),
(1088, 'Saturday', '17:30', '21:30', 1000, NULL, 1011),
(1089, 'Sunday', '17:30', '21:30', 1000, NULL, 1011),
(1090, 'Monday', '17:30', '21:30', 1000, NULL, 1011),
(1091, 'Tuesday', '17:30', '21:30', 1000, NULL, 1011),
(1092, 'Wednesday', '17:30', '21:30', 1000, NULL, 1011),
(1093, 'Thursday', '17:30', '21:30', 1000, NULL, 1011),
(1094, 'Friday', '17:30', '21:30', 1000, NULL, 1011),
(1095, 'Saturday', '17:30', '21:30', 1000, NULL, 1011),
(1096, 'Sunday', '17:30', '21:30', 1000, NULL, 1011),
(1097, 'Monday', '17:30', '21:30', 1000, NULL, 1011),
(1098, 'Tuesday', '17:30', '21:30', 1000, NULL, 1011),
(1099, 'Wednesday', '17:30', '21:30', 1000, NULL, 1011),
(1100, 'Thursday', '17:30', '21:30', 1000, NULL, 1011),
(1101, 'Friday', '17:30', '21:30', 1000, NULL, 1011),
(1102, 'Saturday', '17:30', '21:30', 1000, NULL, 1011),
(1103, 'Sunday', '07:00', '12:00', 3000, NULL, 3010),
(1104, 'Monday', '07:00', '12:00', 3000, NULL, 3010),
(1105, 'Tuesday', '07:00', '12:00', 3000, NULL, 3010),
(1106, 'Wednesday', '07:00', '12:00', 3000, NULL, 3010),
(1107, 'Thursday', '07:00', '12:00', 3000, NULL, 3010),
(1108, 'Friday', '07:00', '12:00', 3000, NULL, 3010),
(1109, 'Saturday', '07:00', '12:00', 3000, NULL, 3010),
(1110, 'Sunday', '07:00', '14:30', 3000, NULL, 3010),
(1111, 'Monday', '07:00', '14:30', 3000, NULL, 3010),
(1112, 'Tuesday', '07:00', '14:30', 3000, NULL, 3010),
(1113, 'Wednesday', '07:00', '14:30', 3000, NULL, 3010),
(1114, 'Thursday', '07:00', '14:30', 3000, NULL, 3010),
(1115, 'Friday', '07:00', '14:30', 3000, NULL, 3010),
(1116, 'Saturday', '07:00', '14:30', 3000, NULL, 3010),
(1117, 'Sunday', '07:00', '11:00', 3000, NULL, 3010),
(1118, 'Monday', '07:00', '11:00', 3000, NULL, 3010),
(1119, 'Tuesday', '07:00', '11:00', 3000, NULL, 3010),
(1120, 'Wednesday', '07:00', '11:00', 3000, NULL, 3010),
(1121, 'Thursday', '07:00', '11:00', 3000, NULL, 3010),
(1122, 'Friday', '07:00', '11:00', 3000, NULL, 3010),
(1123, 'Saturday', '07:00', '11:00', 3000, NULL, 3010),
(1124, 'Sunday', '08:00', '12:00', 3000, NULL, 3010),
(1125, 'Monday', '08:00', '12:00', 3000, NULL, 3010),
(1126, 'Tuesday', '08:00', '12:00', 3000, NULL, 3010),
(1127, 'Wednesday', '08:00', '12:00', 3000, NULL, 3010),
(1128, 'Thursday', '08:00', '12:00', 3000, NULL, 3010),
(1129, 'Friday', '08:00', '12:00', 3000, NULL, 3010),
(1130, 'Saturday', '08:00', '12:00', 3000, NULL, 3010),
(1131, 'Sunday', '08:00', '12:00', 3000, NULL, 3010),
(1132, 'Monday', '08:00', '12:00', 3000, NULL, 3010),
(1133, 'Tuesday', '08:00', '12:00', 3000, NULL, 3010),
(1134, 'Wednesday', '08:00', '12:00', 3000, NULL, 3010),
(1135, 'Thursday', '08:00', '12:00', 3000, NULL, 3010),
(1136, 'Friday', '08:00', '12:00', 3000, NULL, 3010),
(1137, 'Saturday', '08:00', '12:00', 3000, NULL, 3010),
(1138, 'Sunday', '09:00', '17:00', 3000, NULL, 3010),
(1139, 'Monday', '09:00', '17:00', 3000, NULL, 3010),
(1140, 'Tuesday', '09:00', '17:00', 3000, NULL, 3010),
(1141, 'Wednesday', '09:00', '17:00', 3000, NULL, 3010),
(1142, 'Thursday', '09:00', '17:00', 3000, NULL, 3010),
(1143, 'Friday', '09:00', '17:00', 3000, NULL, 3010),
(1144, 'Saturday', '09:00', '17:00', 3000, NULL, 3010),
(1145, 'Sunday', '10:00', '18:00', 3000, NULL, 3010),
(1146, 'Monday', '10:00', '18:00', 3000, NULL, 3010),
(1147, 'Tuesday', '10:00', '18:00', 3000, NULL, 3010),
(1148, 'Wednesday', '10:00', '18:00', 3000, NULL, 3010),
(1149, 'Thursday', '10:00', '18:00', 3000, NULL, 3010),
(1150, 'Friday', '10:00', '18:00', 3000, NULL, 3010),
(1151, 'Saturday', '10:00', '18:00', 3000, NULL, 3010),
(1152, 'Sunday', '11:00', '14:30', 3000, NULL, 3010),
(1153, 'Monday', '11:00', '14:30', 3000, NULL, 3010),
(1154, 'Tuesday', '11:00', '14:30', 3000, NULL, 3010),
(1155, 'Wednesday', '11:00', '14:30', 3000, NULL, 3010),
(1156, 'Thursday', '11:00', '14:30', 3000, NULL, 3010),
(1157, 'Friday', '11:00', '14:30', 3000, NULL, 3010),
(1158, 'Saturday', '11:00', '14:30', 3000, NULL, 3010),
(1159, 'Sunday', '11:00', '14:30', 3000, NULL, 3010),
(1160, 'Monday', '11:00', '14:30', 3000, NULL, 3010),
(1161, 'Tuesday', '11:00', '14:30', 3000, NULL, 3010),
(1162, 'Wednesday', '11:00', '14:30', 3000, NULL, 3010),
(1163, 'Thursday', '11:00', '14:30', 3000, NULL, 3010),
(1164, 'Friday', '11:00', '14:30', 3000, NULL, 3010),
(1165, 'Saturday', '11:00', '14:30', 3000, NULL, 3010),
(1166, 'Sunday', '11:00', '14:30', 3000, NULL, 3010),
(1167, 'Monday', '11:00', '14:30', 3000, NULL, 3010),
(1168, 'Tuesday', '11:00', '14:30', 3000, NULL, 3010),
(1169, 'Wednesday', '11:00', '14:30', 3000, NULL, 3010),
(1170, 'Thursday', '11:00', '14:30', 3000, NULL, 3010),
(1171, 'Friday', '11:00', '14:30', 3000, NULL, 3010),
(1172, 'Saturday', '11:00', '14:30', 3000, NULL, 3010),
(1173, 'Sunday', '11:00', '15:30', 3000, NULL, 3010),
(1174, 'Monday', '11:00', '15:30', 3000, NULL, 3010),
(1175, 'Tuesday', '11:00', '15:30', 3000, NULL, 3010),
(1176, 'Wednesday', '11:00', '15:30', 3000, NULL, 3010),
(1177, 'Thursday', '11:00', '15:30', 3000, NULL, 3010),
(1178, 'Friday', '11:00', '15:30', 3000, NULL, 3010),
(1179, 'Saturday', '11:00', '15:30', 3000, NULL, 3010),
(1180, 'Sunday', '11:00', '14:30', 3000, NULL, 3010),
(1181, 'Monday', '11:00', '14:30', 3000, NULL, 3010),
(1182, 'Tuesday', '11:00', '14:30', 3000, NULL, 3010),
(1183, 'Wednesday', '11:00', '14:30', 3000, NULL, 3010),
(1184, 'Thursday', '11:00', '14:30', 3000, NULL, 3010),
(1185, 'Friday', '11:00', '14:30', 3000, NULL, 3010),
(1186, 'Saturday', '11:00', '14:30', 3000, NULL, 3010),
(1187, 'Sunday', '11:00', '14:30', 3000, NULL, 3010),
(1188, 'Monday', '11:00', '14:30', 3000, NULL, 3010),
(1189, 'Tuesday', '11:00', '14:30', 3000, NULL, 3010),
(1190, 'Wednesday', '11:00', '14:30', 3000, NULL, 3010),
(1191, 'Thursday', '11:00', '14:30', 3000, NULL, 3010),
(1192, 'Friday', '11:00', '14:30', 3000, NULL, 3010),
(1193, 'Saturday', '11:00', '14:30', 3000, NULL, 3010),
(1194, 'Sunday', '14:00', '18:00', 3000, NULL, 3010),
(1195, 'Monday', '14:00', '18:00', 3000, NULL, 3010),
(1196, 'Tuesday', '14:00', '18:00', 3000, NULL, 3010),
(1197, 'Wednesday', '14:00', '18:00', 3000, NULL, 3010),
(1198, 'Thursday', '14:00', '18:00', 3000, NULL, 3010),
(1199, 'Friday', '14:00', '18:00', 3000, NULL, 3010),
(1200, 'Saturday', '14:00', '18:00', 3000, NULL, 3010),
(1201, 'Sunday', '14:00', '18:00', 3000, NULL, 3010),
(1202, 'Monday', '14:00', '18:00', 3000, NULL, 3010),
(1203, 'Tuesday', '14:00', '18:00', 3000, NULL, 3010),
(1204, 'Wednesday', '14:00', '18:00', 3000, NULL, 3010),
(1205, 'Thursday', '14:00', '18:00', 3000, NULL, 3010),
(1206, 'Friday', '14:00', '18:00', 3000, NULL, 3010),
(1207, 'Saturday', '14:00', '18:00', 3000, NULL, 3010),
(1208, 'Sunday', '14:00', '18:00', 3000, NULL, 3010),
(1209, 'Monday', '14:00', '18:00', 3000, NULL, 3010),
(1210, 'Tuesday', '14:00', '18:00', 3000, NULL, 3010),
(1211, 'Wednesday', '14:00', '18:00', 3000, NULL, 3010),
(1212, 'Thursday', '14:00', '18:00', 3000, NULL, 3010),
(1213, 'Friday', '14:00', '18:00', 3000, NULL, 3010),
(1214, 'Saturday', '14:00', '18:00', 3000, NULL, 3010),
(1215, 'Sunday', '14:00', '18:00', 3000, NULL, 3010),
(1216, 'Monday', '14:00', '18:00', 3000, NULL, 3010),
(1217, 'Tuesday', '14:00', '18:00', 3000, NULL, 3010),
(1218, 'Wednesday', '14:00', '18:00', 3000, NULL, 3010),
(1219, 'Thursday', '14:00', '18:00', 3000, NULL, 3010),
(1220, 'Friday', '14:00', '18:00', 3000, NULL, 3010),
(1221, 'Saturday', '14:00', '18:00', 3000, NULL, 3010),
(1222, 'Sunday', '14:00', '18:00', 3000, NULL, 3010),
(1223, 'Monday', '14:00', '18:00', 3000, NULL, 3010),
(1224, 'Tuesday', '14:00', '18:00', 3000, NULL, 3010),
(1225, 'Wednesday', '14:00', '18:00', 3000, NULL, 3010),
(1226, 'Thursday', '14:00', '18:00', 3000, NULL, 3010),
(1227, 'Friday', '14:00', '18:00', 3000, NULL, 3010),
(1228, 'Saturday', '14:00', '18:00', 3000, NULL, 3010),
(1229, 'Sunday', '13:30', '21:30', 3000, NULL, 3010),
(1230, 'Monday', '13:30', '21:30', 3000, NULL, 3010),
(1231, 'Tuesday', '13:30', '21:30', 3000, NULL, 3010),
(1232, 'Wednesday', '13:30', '21:30', 3000, NULL, 3010),
(1233, 'Thursday', '13:30', '21:30', 3000, NULL, 3010),
(1234, 'Friday', '13:30', '21:30', 3000, NULL, 3010),
(1235, 'Saturday', '13:30', '21:30', 3000, NULL, 3010),
(1236, 'Sunday', '17:00', '22:00', 3000, NULL, 3010),
(1237, 'Monday', '17:00', '22:00', 3000, NULL, 3010),
(1238, 'Tuesday', '17:00', '22:00', 3000, NULL, 3010),
(1239, 'Wednesday', '17:00', '22:00', 3000, NULL, 3010),
(1240, 'Thursday', '17:00', '22:00', 3000, NULL, 3010),
(1241, 'Friday', '17:00', '22:00', 3000, NULL, 3010),
(1242, 'Saturday', '17:00', '22:00', 3000, NULL, 3010),
(1243, 'Sunday', '17:30', '21:30', 3000, NULL, 3010),
(1244, 'Monday', '17:30', '21:30', 3000, NULL, 3010),
(1245, 'Tuesday', '17:30', '21:30', 3000, NULL, 3010),
(1246, 'Wednesday', '17:30', '21:30', 3000, NULL, 3010),
(1247, 'Thursday', '17:30', '21:30', 3000, NULL, 3010),
(1248, 'Friday', '17:30', '21:30', 3000, NULL, 3010),
(1249, 'Saturday', '17:30', '21:30', 3000, NULL, 3010),
(1250, 'Sunday', '17:30', '21:30', 3000, NULL, 3010),
(1251, 'Monday', '17:30', '21:30', 3000, NULL, 3010),
(1252, 'Tuesday', '17:30', '21:30', 3000, NULL, 3010),
(1253, 'Wednesday', '17:30', '21:30', 3000, NULL, 3010),
(1254, 'Thursday', '17:30', '21:30', 3000, NULL, 3010),
(1255, 'Friday', '17:30', '21:30', 3000, NULL, 3010),
(1256, 'Saturday', '17:30', '21:30', 3000, NULL, 3010),
(1257, 'Sunday', '17:30', '21:30', 3000, NULL, 3010),
(1258, 'Monday', '17:30', '21:30', 3000, NULL, 3010),
(1259, 'Tuesday', '17:30', '21:30', 3000, NULL, 3010),
(1260, 'Wednesday', '17:30', '21:30', 3000, NULL, 3010),
(1261, 'Thursday', '17:30', '21:30', 3000, NULL, 3010),
(1262, 'Friday', '17:30', '21:30', 3000, NULL, 3010),
(1263, 'Saturday', '17:30', '21:30', 3000, NULL, 3010),
(1264, 'Sunday', '17:30', '21:30', 3000, NULL, 3010),
(1265, 'Monday', '17:30', '21:30', 3000, NULL, 3010),
(1266, 'Tuesday', '17:30', '21:30', 3000, NULL, 3010),
(1267, 'Wednesday', '17:30', '21:30', 3000, NULL, 3010),
(1268, 'Thursday', '17:30', '21:30', 3000, NULL, 3010),
(1269, 'Friday', '17:30', '21:30', 3000, NULL, 3010),
(1270, 'Saturday', '17:30', '21:30', 3000, NULL, 3010),
(1271, 'Sunday', '18:00', '22:00', 3000, NULL, 3010),
(1272, 'Monday', '18:00', '22:00', 3000, NULL, 3010),
(1273, 'Tuesday', '18:00', '22:00', 3000, NULL, 3010),
(1274, 'Wednesday', '18:00', '22:00', 3000, NULL, 3010),
(1275, 'Thursday', '18:00', '22:00', 3000, NULL, 3010),
(1276, 'Friday', '18:00', '22:00', 3000, NULL, 3010),
(1277, 'Saturday', '18:00', '22:00', 3000, NULL, 3010),
(1278, 'Sunday', '18:00', '22:00', 3000, NULL, 3010),
(1279, 'Monday', '18:00', '22:00', 3000, NULL, 3010),
(1280, 'Tuesday', '18:00', '22:00', 3000, NULL, 3010),
(1281, 'Wednesday', '18:00', '22:00', 3000, NULL, 3010),
(1282, 'Thursday', '18:00', '22:00', 3000, NULL, 3010),
(1283, 'Friday', '18:00', '22:00', 3000, NULL, 3010),
(1284, 'Saturday', '18:00', '22:00', 3000, NULL, 3010),
(1285, 'Sunday', '18:00', '22:00', 3000, NULL, 3010),
(1286, 'Monday', '18:00', '22:00', 3000, NULL, 3010),
(1287, 'Tuesday', '18:00', '22:00', 3000, NULL, 3010),
(1288, 'Wednesday', '18:00', '22:00', 3000, NULL, 3010),
(1289, 'Thursday', '18:00', '22:00', 3000, NULL, 3010),
(1290, 'Friday', '18:00', '22:00', 3000, NULL, 3010),
(1291, 'Saturday', '18:00', '22:00', 3000, NULL, 3010),
(1292, 'Sunday', '18:00', '22:00', 3000, NULL, 3010),
(1293, 'Monday', '18:00', '22:00', 3000, NULL, 3010),
(1294, 'Tuesday', '18:00', '22:00', 3000, NULL, 3010),
(1295, 'Wednesday', '18:00', '22:00', 3000, NULL, 3010),
(1296, 'Thursday', '18:00', '22:00', 3000, NULL, 3010),
(1297, 'Friday', '18:00', '22:00', 3000, NULL, 3010),
(1298, 'Saturday', '18:00', '22:00', 3000, NULL, 3010),
(1299, 'Sunday', '07:00', '12:00', 3000, NULL, 3011),
(1300, 'Monday', '07:00', '12:00', 3000, NULL, 3011),
(1301, 'Tuesday', '07:00', '12:00', 3000, NULL, 3011),
(1302, 'Wednesday', '07:00', '12:00', 3000, NULL, 3011),
(1303, 'Thursday', '07:00', '12:00', 3000, NULL, 3011),
(1304, 'Friday', '07:00', '12:00', 3000, NULL, 3011),
(1305, 'Saturday', '07:00', '12:00', 3000, NULL, 3011),
(1306, 'Sunday', '07:00', '14:30', 3000, NULL, 3011),
(1307, 'Monday', '07:00', '14:30', 3000, NULL, 3011),
(1308, 'Tuesday', '07:00', '14:30', 3000, NULL, 3011),
(1309, 'Wednesday', '07:00', '14:30', 3000, NULL, 3011),
(1310, 'Thursday', '07:00', '14:30', 3000, NULL, 3011),
(1311, 'Friday', '07:00', '14:30', 3000, NULL, 3011),
(1312, 'Saturday', '07:00', '14:30', 3000, NULL, 3011),
(1313, 'Sunday', '07:00', '11:00', 3000, NULL, 3011),
(1314, 'Monday', '07:00', '11:00', 3000, NULL, 3011),
(1315, 'Tuesday', '07:00', '11:00', 3000, NULL, 3011),
(1316, 'Wednesday', '07:00', '11:00', 3000, NULL, 3011),
(1317, 'Thursday', '07:00', '11:00', 3000, NULL, 3011),
(1318, 'Friday', '07:00', '11:00', 3000, NULL, 3011),
(1319, 'Saturday', '07:00', '11:00', 3000, NULL, 3011),
(1320, 'Sunday', '08:00', '12:00', 3000, NULL, 3011),
(1321, 'Monday', '08:00', '12:00', 3000, NULL, 3011),
(1322, 'Tuesday', '08:00', '12:00', 3000, NULL, 3011),
(1323, 'Wednesday', '08:00', '12:00', 3000, NULL, 3011),
(1324, 'Thursday', '08:00', '12:00', 3000, NULL, 3011),
(1325, 'Friday', '08:00', '12:00', 3000, NULL, 3011),
(1326, 'Saturday', '08:00', '12:00', 3000, NULL, 3011),
(1327, 'Sunday', '08:00', '12:00', 3000, NULL, 3011),
(1328, 'Monday', '08:00', '12:00', 3000, NULL, 3011),
(1329, 'Tuesday', '08:00', '12:00', 3000, NULL, 3011),
(1330, 'Wednesday', '08:00', '12:00', 3000, NULL, 3011),
(1331, 'Thursday', '08:00', '12:00', 3000, NULL, 3011),
(1332, 'Friday', '08:00', '12:00', 3000, NULL, 3011),
(1333, 'Saturday', '08:00', '12:00', 3000, NULL, 3011),
(1334, 'Sunday', '09:00', '17:00', 3000, NULL, 3011),
(1335, 'Monday', '09:00', '17:00', 3000, NULL, 3011),
(1336, 'Tuesday', '09:00', '17:00', 3000, NULL, 3011),
(1337, 'Wednesday', '09:00', '17:00', 3000, NULL, 3011),
(1338, 'Thursday', '09:00', '17:00', 3000, NULL, 3011),
(1339, 'Friday', '09:00', '17:00', 3000, NULL, 3011),
(1340, 'Saturday', '09:00', '17:00', 3000, NULL, 3011),
(1341, 'Sunday', '10:00', '18:00', 3000, NULL, 3011),
(1342, 'Monday', '10:00', '18:00', 3000, NULL, 3011),
(1343, 'Tuesday', '10:00', '18:00', 3000, NULL, 3011),
(1344, 'Wednesday', '10:00', '18:00', 3000, NULL, 3011),
(1345, 'Thursday', '10:00', '18:00', 3000, NULL, 3011),
(1346, 'Friday', '10:00', '18:00', 3000, NULL, 3011),
(1347, 'Saturday', '10:00', '18:00', 3000, NULL, 3011),
(1348, 'Sunday', '11:00', '14:30', 3000, NULL, 3011),
(1349, 'Monday', '11:00', '14:30', 3000, NULL, 3011),
(1350, 'Tuesday', '11:00', '14:30', 3000, NULL, 3011),
(1351, 'Wednesday', '11:00', '14:30', 3000, NULL, 3011),
(1352, 'Thursday', '11:00', '14:30', 3000, NULL, 3011),
(1353, 'Friday', '11:00', '14:30', 3000, NULL, 3011),
(1354, 'Saturday', '11:00', '14:30', 3000, NULL, 3011),
(1355, 'Sunday', '11:00', '14:30', 3000, NULL, 3011),
(1356, 'Monday', '11:00', '14:30', 3000, NULL, 3011),
(1357, 'Tuesday', '11:00', '14:30', 3000, NULL, 3011),
(1358, 'Wednesday', '11:00', '14:30', 3000, NULL, 3011),
(1359, 'Thursday', '11:00', '14:30', 3000, NULL, 3011),
(1360, 'Friday', '11:00', '14:30', 3000, NULL, 3011),
(1361, 'Saturday', '11:00', '14:30', 3000, NULL, 3011),
(1362, 'Sunday', '11:00', '14:30', 3000, NULL, 3011),
(1363, 'Monday', '11:00', '14:30', 3000, NULL, 3011),
(1364, 'Tuesday', '11:00', '14:30', 3000, NULL, 3011),
(1365, 'Wednesday', '11:00', '14:30', 3000, NULL, 3011),
(1366, 'Thursday', '11:00', '14:30', 3000, NULL, 3011),
(1367, 'Friday', '11:00', '14:30', 3000, NULL, 3011),
(1368, 'Saturday', '11:00', '14:30', 3000, NULL, 3011),
(1369, 'Sunday', '11:00', '15:30', 3000, NULL, 3011),
(1370, 'Monday', '11:00', '15:30', 3000, NULL, 3011),
(1371, 'Tuesday', '11:00', '15:30', 3000, NULL, 3011),
(1372, 'Wednesday', '11:00', '15:30', 3000, NULL, 3011),
(1373, 'Thursday', '11:00', '15:30', 3000, NULL, 3011),
(1374, 'Friday', '11:00', '15:30', 3000, NULL, 3011),
(1375, 'Saturday', '11:00', '15:30', 3000, NULL, 3011),
(1376, 'Sunday', '11:00', '14:30', 3000, NULL, 3011),
(1377, 'Monday', '11:00', '14:30', 3000, NULL, 3011),
(1378, 'Tuesday', '11:00', '14:30', 3000, NULL, 3011),
(1379, 'Wednesday', '11:00', '14:30', 3000, NULL, 3011),
(1380, 'Thursday', '11:00', '14:30', 3000, NULL, 3011),
(1381, 'Friday', '11:00', '14:30', 3000, NULL, 3011),
(1382, 'Saturday', '11:00', '14:30', 3000, NULL, 3011),
(1383, 'Sunday', '11:00', '14:30', 3000, NULL, 3011),
(1384, 'Monday', '11:00', '14:30', 3000, NULL, 3011),
(1385, 'Tuesday', '11:00', '14:30', 3000, NULL, 3011),
(1386, 'Wednesday', '11:00', '14:30', 3000, NULL, 3011),
(1387, 'Thursday', '11:00', '14:30', 3000, NULL, 3011),
(1388, 'Friday', '11:00', '14:30', 3000, NULL, 3011),
(1389, 'Saturday', '11:00', '14:30', 3000, NULL, 3011),
(1390, 'Sunday', '14:00', '18:00', 3000, NULL, 3011),
(1391, 'Monday', '14:00', '18:00', 3000, NULL, 3011),
(1392, 'Tuesday', '14:00', '18:00', 3000, NULL, 3011),
(1393, 'Wednesday', '14:00', '18:00', 3000, NULL, 3011),
(1394, 'Thursday', '14:00', '18:00', 3000, NULL, 3011),
(1395, 'Friday', '14:00', '18:00', 3000, NULL, 3011),
(1396, 'Saturday', '14:00', '18:00', 3000, NULL, 3011),
(1397, 'Sunday', '14:00', '18:00', 3000, NULL, 3011),
(1398, 'Monday', '14:00', '18:00', 3000, NULL, 3011),
(1399, 'Tuesday', '14:00', '18:00', 3000, NULL, 3011),
(1400, 'Wednesday', '14:00', '18:00', 3000, NULL, 3011),
(1401, 'Thursday', '14:00', '18:00', 3000, NULL, 3011),
(1402, 'Friday', '14:00', '18:00', 3000, NULL, 3011),
(1403, 'Saturday', '14:00', '18:00', 3000, NULL, 3011),
(1404, 'Sunday', '14:00', '18:00', 3000, NULL, 3011),
(1405, 'Monday', '14:00', '18:00', 3000, NULL, 3011),
(1406, 'Tuesday', '14:00', '18:00', 3000, NULL, 3011),
(1407, 'Wednesday', '14:00', '18:00', 3000, NULL, 3011),
(1408, 'Thursday', '14:00', '18:00', 3000, NULL, 3011),
(1409, 'Friday', '14:00', '18:00', 3000, NULL, 3011),
(1410, 'Saturday', '14:00', '18:00', 3000, NULL, 3011),
(1411, 'Sunday', '14:00', '18:00', 3000, NULL, 3011),
(1412, 'Monday', '14:00', '18:00', 3000, NULL, 3011),
(1413, 'Tuesday', '14:00', '18:00', 3000, NULL, 3011),
(1414, 'Wednesday', '14:00', '18:00', 3000, NULL, 3011),
(1415, 'Thursday', '14:00', '18:00', 3000, NULL, 3011),
(1416, 'Friday', '14:00', '18:00', 3000, NULL, 3011),
(1417, 'Saturday', '14:00', '18:00', 3000, NULL, 3011),
(1418, 'Sunday', '14:00', '18:00', 3000, NULL, 3011),
(1419, 'Monday', '14:00', '18:00', 3000, NULL, 3011),
(1420, 'Tuesday', '14:00', '18:00', 3000, NULL, 3011),
(1421, 'Wednesday', '14:00', '18:00', 3000, NULL, 3011),
(1422, 'Thursday', '14:00', '18:00', 3000, NULL, 3011),
(1423, 'Friday', '14:00', '18:00', 3000, NULL, 3011),
(1424, 'Saturday', '14:00', '18:00', 3000, NULL, 3011),
(1425, 'Sunday', '13:30', '21:30', 3000, NULL, 3011),
(1426, 'Monday', '13:30', '21:30', 3000, NULL, 3011),
(1427, 'Tuesday', '13:30', '21:30', 3000, NULL, 3011),
(1428, 'Wednesday', '13:30', '21:30', 3000, NULL, 3011),
(1429, 'Thursday', '13:30', '21:30', 3000, NULL, 3011),
(1430, 'Friday', '13:30', '21:30', 3000, NULL, 3011),
(1431, 'Saturday', '13:30', '21:30', 3000, NULL, 3011),
(1432, 'Sunday', '17:00', '22:00', 3000, NULL, 3011),
(1433, 'Monday', '17:00', '22:00', 3000, NULL, 3011),
(1434, 'Tuesday', '17:00', '22:00', 3000, NULL, 3011),
(1435, 'Wednesday', '17:00', '22:00', 3000, NULL, 3011),
(1436, 'Thursday', '17:00', '22:00', 3000, NULL, 3011),
(1437, 'Friday', '17:00', '22:00', 3000, NULL, 3011),
(1438, 'Saturday', '17:00', '22:00', 3000, NULL, 3011),
(1439, 'Sunday', '17:30', '21:30', 3000, NULL, 3011),
(1440, 'Monday', '17:30', '21:30', 3000, NULL, 3011),
(1441, 'Tuesday', '17:30', '21:30', 3000, NULL, 3011),
(1442, 'Wednesday', '17:30', '21:30', 3000, NULL, 3011),
(1443, 'Thursday', '17:30', '21:30', 3000, NULL, 3011),
(1444, 'Friday', '17:30', '21:30', 3000, NULL, 3011),
(1445, 'Saturday', '17:30', '21:30', 3000, NULL, 3011),
(1446, 'Sunday', '17:30', '21:30', 3000, NULL, 3011),
(1447, 'Monday', '17:30', '21:30', 3000, NULL, 3011),
(1448, 'Tuesday', '17:30', '21:30', 3000, NULL, 3011),
(1449, 'Wednesday', '17:30', '21:30', 3000, NULL, 3011),
(1450, 'Thursday', '17:30', '21:30', 3000, NULL, 3011),
(1451, 'Friday', '17:30', '21:30', 3000, NULL, 3011),
(1452, 'Saturday', '17:30', '21:30', 3000, NULL, 3011),
(1453, 'Sunday', '17:30', '21:30', 3000, NULL, 3011),
(1454, 'Monday', '17:30', '21:30', 3000, NULL, 3011),
(1455, 'Tuesday', '17:30', '21:30', 3000, NULL, 3011),
(1456, 'Wednesday', '17:30', '21:30', 3000, NULL, 3011),
(1457, 'Thursday', '17:30', '21:30', 3000, NULL, 3011),
(1458, 'Friday', '17:30', '21:30', 3000, NULL, 3011),
(1459, 'Saturday', '17:30', '21:30', 3000, NULL, 3011),
(1460, 'Sunday', '17:30', '21:30', 3000, NULL, 3011),
(1461, 'Monday', '17:30', '21:30', 3000, NULL, 3011),
(1462, 'Tuesday', '17:30', '21:30', 3000, NULL, 3011),
(1463, 'Wednesday', '17:30', '21:30', 3000, NULL, 3011),
(1464, 'Thursday', '17:30', '21:30', 3000, NULL, 3011),
(1465, 'Friday', '17:30', '21:30', 3000, NULL, 3011),
(1466, 'Saturday', '17:30', '21:30', 3000, NULL, 3011),
(1467, 'Sunday', '17:30', '21:30', 3000, NULL, 3011),
(1468, 'Monday', '17:30', '21:30', 3000, NULL, 3011),
(1469, 'Tuesday', '17:30', '21:30', 3000, NULL, 3011),
(1470, 'Wednesday', '17:30', '21:30', 3000, NULL, 3011),
(1471, 'Thursday', '17:30', '21:30', 3000, NULL, 3011),
(1472, 'Friday', '17:30', '21:30', 3000, NULL, 3011),
(1473, 'Saturday', '17:30', '21:30', 3000, NULL, 3011),
(1474, 'Sunday', '18:00', '22:00', 3000, NULL, 3011),
(1475, 'Monday', '18:00', '22:00', 3000, NULL, 3011),
(1476, 'Tuesday', '18:00', '22:00', 3000, NULL, 3011),
(1477, 'Wednesday', '18:00', '22:00', 3000, NULL, 3011),
(1478, 'Thursday', '18:00', '22:00', 3000, NULL, 3011),
(1479, 'Friday', '18:00', '22:00', 3000, NULL, 3011),
(1480, 'Saturday', '18:00', '22:00', 3000, NULL, 3011),
(1481, 'Sunday', '18:00', '22:00', 3000, NULL, 3011),
(1482, 'Monday', '18:00', '22:00', 3000, NULL, 3011),
(1483, 'Tuesday', '18:00', '22:00', 3000, NULL, 3011),
(1484, 'Wednesday', '18:00', '22:00', 3000, NULL, 3011),
(1485, 'Thursday', '18:00', '22:00', 3000, NULL, 3011),
(1486, 'Friday', '18:00', '22:00', 3000, NULL, 3011),
(1487, 'Saturday', '18:00', '22:00', 3000, NULL, 3011),
(1488, 'Sunday', '18:00', '22:00', 3000, NULL, 3011),
(1489, 'Monday', '18:00', '22:00', 3000, NULL, 3011),
(1490, 'Tuesday', '18:00', '22:00', 3000, NULL, 3011),
(1491, 'Wednesday', '18:00', '22:00', 3000, NULL, 3011),
(1492, 'Thursday', '18:00', '22:00', 3000, NULL, 3011),
(1493, 'Friday', '18:00', '22:00', 3000, NULL, 3011),
(1494, 'Saturday', '18:00', '22:00', 3000, NULL, 3011),
(1495, 'Sunday', '07:00', '14:30', 2000, NULL, 2010),
(1496, 'Monday', '07:00', '14:30', 2000, NULL, 2010),
(1497, 'Tuesday', '07:00', '14:30', 2000, NULL, 2010),
(1498, 'Wednesday', '07:00', '14:30', 2000, NULL, 2010),
(1499, 'Thursday', '07:00', '14:30', 2000, NULL, 2010),
(1500, 'Friday', '07:00', '14:30', 2000, NULL, 2010),
(1501, 'Saturday', '07:00', '14:30', 2000, NULL, 2010),
(1502, 'Sunday', '07:00', '10:30', 2000, NULL, 2010),
(1503, 'Monday', '07:00', '10:30', 2000, NULL, 2010),
(1504, 'Tuesday', '07:00', '10:30', 2000, NULL, 2010),
(1505, 'Wednesday', '07:00', '10:30', 2000, NULL, 2010),
(1506, 'Thursday', '07:00', '10:30', 2000, NULL, 2010),
(1507, 'Friday', '07:00', '10:30', 2000, NULL, 2010),
(1508, 'Saturday', '07:00', '10:30', 2000, NULL, 2010),
(1509, 'Sunday', '08:00', '12:00', 2000, NULL, 2010),
(1510, 'Monday', '08:00', '12:00', 2000, NULL, 2010),
(1511, 'Tuesday', '08:00', '12:00', 2000, NULL, 2010),
(1512, 'Wednesday', '08:00', '12:00', 2000, NULL, 2010),
(1513, 'Thursday', '08:00', '12:00', 2000, NULL, 2010),
(1514, 'Friday', '08:00', '12:00', 2000, NULL, 2010),
(1515, 'Saturday', '08:00', '12:00', 2000, NULL, 2010),
(1516, 'Sunday', '08:00', '12:00', 2000, NULL, 2010),
(1517, 'Monday', '08:00', '12:00', 2000, NULL, 2010),
(1518, 'Tuesday', '08:00', '12:00', 2000, NULL, 2010),
(1519, 'Wednesday', '08:00', '12:00', 2000, NULL, 2010),
(1520, 'Thursday', '08:00', '12:00', 2000, NULL, 2010),
(1521, 'Friday', '08:00', '12:00', 2000, NULL, 2010),
(1522, 'Saturday', '08:00', '12:00', 2000, NULL, 2010),
(1523, 'Sunday', '08:00', '16:00', 2000, NULL, 2010),
(1524, 'Monday', '08:00', '16:00', 2000, NULL, 2010),
(1525, 'Tuesday', '08:00', '16:00', 2000, NULL, 2010),
(1526, 'Wednesday', '08:00', '16:00', 2000, NULL, 2010),
(1527, 'Thursday', '08:00', '16:00', 2000, NULL, 2010),
(1528, 'Friday', '08:00', '16:00', 2000, NULL, 2010),
(1529, 'Saturday', '08:00', '16:00', 2000, NULL, 2010),
(1530, 'Sunday', '08:00', '12:00', 2000, NULL, 2010),
(1531, 'Monday', '08:00', '12:00', 2000, NULL, 2010),
(1532, 'Tuesday', '08:00', '12:00', 2000, NULL, 2010),
(1533, 'Wednesday', '08:00', '12:00', 2000, NULL, 2010),
(1534, 'Thursday', '08:00', '12:00', 2000, NULL, 2010),
(1535, 'Friday', '08:00', '12:00', 2000, NULL, 2010),
(1536, 'Saturday', '08:00', '12:00', 2000, NULL, 2010),
(1537, 'Sunday', '10:30', '14:30', 2000, NULL, 2010),
(1538, 'Monday', '10:30', '14:30', 2000, NULL, 2010),
(1539, 'Tuesday', '10:30', '14:30', 2000, NULL, 2010),
(1540, 'Wednesday', '10:30', '14:30', 2000, NULL, 2010),
(1541, 'Thursday', '10:30', '14:30', 2000, NULL, 2010),
(1542, 'Friday', '10:30', '14:30', 2000, NULL, 2010),
(1543, 'Saturday', '10:30', '14:30', 2000, NULL, 2010),
(1544, 'Sunday', '10:30', '14:30', 2000, NULL, 2010),
(1545, 'Monday', '10:30', '14:30', 2000, NULL, 2010),
(1546, 'Tuesday', '10:30', '14:30', 2000, NULL, 2010),
(1547, 'Wednesday', '10:30', '14:30', 2000, NULL, 2010),
(1548, 'Thursday', '10:30', '14:30', 2000, NULL, 2010),
(1549, 'Friday', '10:30', '14:30', 2000, NULL, 2010),
(1550, 'Saturday', '10:30', '14:30', 2000, NULL, 2010),
(1551, 'Sunday', '10:30', '14:30', 2000, NULL, 2010),
(1552, 'Monday', '10:30', '14:30', 2000, NULL, 2010),
(1553, 'Tuesday', '10:30', '14:30', 2000, NULL, 2010),
(1554, 'Wednesday', '10:30', '14:30', 2000, NULL, 2010),
(1555, 'Thursday', '10:30', '14:30', 2000, NULL, 2010),
(1556, 'Friday', '10:30', '14:30', 2000, NULL, 2010),
(1557, 'Saturday', '10:30', '14:30', 2000, NULL, 2010),
(1558, 'Sunday', '10:30', '14:30', 2000, NULL, 2010),
(1559, 'Monday', '10:30', '14:30', 2000, NULL, 2010),
(1560, 'Tuesday', '10:30', '14:30', 2000, NULL, 2010),
(1561, 'Wednesday', '10:30', '14:30', 2000, NULL, 2010),
(1562, 'Thursday', '10:30', '14:30', 2000, NULL, 2010),
(1563, 'Friday', '10:30', '14:30', 2000, NULL, 2010),
(1564, 'Saturday', '10:30', '14:30', 2000, NULL, 2010),
(1565, 'Sunday', '10:30', '14:30', 2000, NULL, 2010),
(1566, 'Monday', '10:30', '14:30', 2000, NULL, 2010),
(1567, 'Tuesday', '10:30', '14:30', 2000, NULL, 2010),
(1568, 'Wednesday', '10:30', '14:30', 2000, NULL, 2010),
(1569, 'Thursday', '10:30', '14:30', 2000, NULL, 2010),
(1570, 'Friday', '10:30', '14:30', 2000, NULL, 2010),
(1571, 'Saturday', '10:30', '14:30', 2000, NULL, 2010),
(1572, 'Sunday', '10:30', '14:30', 2000, NULL, 2010),
(1573, 'Monday', '10:30', '14:30', 2000, NULL, 2010),
(1574, 'Tuesday', '10:30', '14:30', 2000, NULL, 2010),
(1575, 'Wednesday', '10:30', '14:30', 2000, NULL, 2010),
(1576, 'Thursday', '10:30', '14:30', 2000, NULL, 2010),
(1577, 'Friday', '10:30', '14:30', 2000, NULL, 2010),
(1578, 'Saturday', '10:30', '14:30', 2000, NULL, 2010),
(1579, 'Sunday', '11:30', '19:30', 2000, NULL, 2010),
(1580, 'Monday', '11:30', '19:30', 2000, NULL, 2010),
(1581, 'Tuesday', '11:30', '19:30', 2000, NULL, 2010),
(1582, 'Wednesday', '11:30', '19:30', 2000, NULL, 2010),
(1583, 'Thursday', '11:30', '19:30', 2000, NULL, 2010),
(1584, 'Friday', '11:30', '19:30', 2000, NULL, 2010),
(1585, 'Saturday', '11:30', '19:30', 2000, NULL, 2010),
(1586, 'Sunday', '07:00', '14:30', 2000, NULL, 2010),
(1587, 'Monday', '07:00', '14:30', 2000, NULL, 2010),
(1588, 'Tuesday', '07:00', '14:30', 2000, NULL, 2010),
(1589, 'Wednesday', '07:00', '14:30', 2000, NULL, 2010),
(1590, 'Thursday', '07:00', '14:30', 2000, NULL, 2010),
(1591, 'Friday', '07:00', '14:30', 2000, NULL, 2010),
(1592, 'Saturday', '07:00', '14:30', 2000, NULL, 2010),
(1593, 'Sunday', '07:00', '10:30', 2000, NULL, 2010),
(1594, 'Monday', '07:00', '10:30', 2000, NULL, 2010),
(1595, 'Tuesday', '07:00', '10:30', 2000, NULL, 2010),
(1596, 'Wednesday', '07:00', '10:30', 2000, NULL, 2010),
(1597, 'Thursday', '07:00', '10:30', 2000, NULL, 2010),
(1598, 'Friday', '07:00', '10:30', 2000, NULL, 2010),
(1599, 'Saturday', '07:00', '10:30', 2000, NULL, 2010),
(1600, 'Sunday', '08:00', '12:00', 2000, NULL, 2010),
(1601, 'Monday', '08:00', '12:00', 2000, NULL, 2010),
(1602, 'Tuesday', '08:00', '12:00', 2000, NULL, 2010),
(1603, 'Wednesday', '08:00', '12:00', 2000, NULL, 2010),
(1604, 'Thursday', '08:00', '12:00', 2000, NULL, 2010),
(1605, 'Friday', '08:00', '12:00', 2000, NULL, 2010),
(1606, 'Saturday', '08:00', '12:00', 2000, NULL, 2010),
(1607, 'Sunday', '08:00', '12:00', 2000, NULL, 2010),
(1608, 'Monday', '08:00', '12:00', 2000, NULL, 2010),
(1609, 'Tuesday', '08:00', '12:00', 2000, NULL, 2010),
(1610, 'Wednesday', '08:00', '12:00', 2000, NULL, 2010),
(1611, 'Thursday', '08:00', '12:00', 2000, NULL, 2010),
(1612, 'Friday', '08:00', '12:00', 2000, NULL, 2010),
(1613, 'Saturday', '08:00', '12:00', 2000, NULL, 2010),
(1614, 'Sunday', '08:00', '16:00', 2000, NULL, 2010),
(1615, 'Monday', '08:00', '16:00', 2000, NULL, 2010),
(1616, 'Tuesday', '08:00', '16:00', 2000, NULL, 2010),
(1617, 'Wednesday', '08:00', '16:00', 2000, NULL, 2010),
(1618, 'Thursday', '08:00', '16:00', 2000, NULL, 2010),
(1619, 'Friday', '08:00', '16:00', 2000, NULL, 2010),
(1620, 'Saturday', '08:00', '16:00', 2000, NULL, 2010),
(1621, 'Sunday', '08:00', '12:00', 2000, NULL, 2010),
(1622, 'Monday', '08:00', '12:00', 2000, NULL, 2010),
(1623, 'Tuesday', '08:00', '12:00', 2000, NULL, 2010),
(1624, 'Wednesday', '08:00', '12:00', 2000, NULL, 2010),
(1625, 'Thursday', '08:00', '12:00', 2000, NULL, 2010),
(1626, 'Friday', '08:00', '12:00', 2000, NULL, 2010),
(1627, 'Saturday', '08:00', '12:00', 2000, NULL, 2010),
(1628, 'Sunday', '10:30', '14:30', 2000, NULL, 2010),
(1629, 'Monday', '10:30', '14:30', 2000, NULL, 2010),
(1630, 'Tuesday', '10:30', '14:30', 2000, NULL, 2010),
(1631, 'Wednesday', '10:30', '14:30', 2000, NULL, 2010),
(1632, 'Thursday', '10:30', '14:30', 2000, NULL, 2010),
(1633, 'Friday', '10:30', '14:30', 2000, NULL, 2010),
(1634, 'Saturday', '10:30', '14:30', 2000, NULL, 2010),
(1635, 'Sunday', '10:30', '14:30', 2000, NULL, 2010),
(1636, 'Monday', '10:30', '14:30', 2000, NULL, 2010),
(1637, 'Tuesday', '10:30', '14:30', 2000, NULL, 2010),
(1638, 'Wednesday', '10:30', '14:30', 2000, NULL, 2010),
(1639, 'Thursday', '10:30', '14:30', 2000, NULL, 2010),
(1640, 'Friday', '10:30', '14:30', 2000, NULL, 2010),
(1641, 'Saturday', '10:30', '14:30', 2000, NULL, 2010),
(1642, 'Sunday', '10:30', '14:30', 2000, NULL, 2010),
(1643, 'Monday', '10:30', '14:30', 2000, NULL, 2010),
(1644, 'Tuesday', '10:30', '14:30', 2000, NULL, 2010),
(1645, 'Wednesday', '10:30', '14:30', 2000, NULL, 2010),
(1646, 'Thursday', '10:30', '14:30', 2000, NULL, 2010),
(1647, 'Friday', '10:30', '14:30', 2000, NULL, 2010),
(1648, 'Saturday', '10:30', '14:30', 2000, NULL, 2010),
(1649, 'Sunday', '10:30', '14:30', 2000, NULL, 2010),
(1650, 'Monday', '10:30', '14:30', 2000, NULL, 2010),
(1651, 'Tuesday', '10:30', '14:30', 2000, NULL, 2010),
(1652, 'Wednesday', '10:30', '14:30', 2000, NULL, 2010),
(1653, 'Thursday', '10:30', '14:30', 2000, NULL, 2010),
(1654, 'Friday', '10:30', '14:30', 2000, NULL, 2010),
(1655, 'Saturday', '10:30', '14:30', 2000, NULL, 2010),
(1656, 'Sunday', '10:30', '14:30', 2000, NULL, 2010),
(1657, 'Monday', '10:30', '14:30', 2000, NULL, 2010),
(1658, 'Tuesday', '10:30', '14:30', 2000, NULL, 2010),
(1659, 'Wednesday', '10:30', '14:30', 2000, NULL, 2010),
(1660, 'Thursday', '10:30', '14:30', 2000, NULL, 2010),
(1661, 'Friday', '10:30', '14:30', 2000, NULL, 2010),
(1662, 'Saturday', '10:30', '14:30', 2000, NULL, 2010),
(1663, 'Sunday', '10:30', '14:30', 2000, NULL, 2010),
(1664, 'Monday', '10:30', '14:30', 2000, NULL, 2010),
(1665, 'Tuesday', '10:30', '14:30', 2000, NULL, 2010),
(1666, 'Wednesday', '10:30', '14:30', 2000, NULL, 2010),
(1667, 'Thursday', '10:30', '14:30', 2000, NULL, 2010),
(1668, 'Friday', '10:30', '14:30', 2000, NULL, 2010),
(1669, 'Saturday', '10:30', '14:30', 2000, NULL, 2010),
(1670, 'Sunday', '11:30', '19:30', 2000, NULL, 2010),
(1671, 'Monday', '11:30', '19:30', 2000, NULL, 2010),
(1672, 'Tuesday', '11:30', '19:30', 2000, NULL, 2010),
(1673, 'Wednesday', '11:30', '19:30', 2000, NULL, 2010),
(1674, 'Thursday', '11:30', '19:30', 2000, NULL, 2010),
(1675, 'Friday', '11:30', '19:30', 2000, NULL, 2010),
(1676, 'Saturday', '11:30', '19:30', 2000, NULL, 2010),
(1677, 'Sunday', '07:00', '14:30', 2000, NULL, 2010),
(1678, 'Monday', '07:00', '14:30', 2000, NULL, 2010),
(1679, 'Tuesday', '07:00', '14:30', 2000, NULL, 2010),
(1680, 'Wednesday', '07:00', '14:30', 2000, NULL, 2010),
(1681, 'Thursday', '07:00', '14:30', 2000, NULL, 2010),
(1682, 'Friday', '07:00', '14:30', 2000, NULL, 2010),
(1683, 'Saturday', '07:00', '14:30', 2000, NULL, 2010),
(1684, 'Sunday', '07:00', '10:30', 2000, NULL, 2010),
(1685, 'Monday', '07:00', '10:30', 2000, NULL, 2010),
(1686, 'Tuesday', '07:00', '10:30', 2000, NULL, 2010),
(1687, 'Wednesday', '07:00', '10:30', 2000, NULL, 2010),
(1688, 'Thursday', '07:00', '10:30', 2000, NULL, 2010),
(1689, 'Friday', '07:00', '10:30', 2000, NULL, 2010),
(1690, 'Saturday', '07:00', '10:30', 2000, NULL, 2010),
(1691, 'Sunday', '08:00', '12:00', 2000, NULL, 2010),
(1692, 'Monday', '08:00', '12:00', 2000, NULL, 2010),
(1693, 'Tuesday', '08:00', '12:00', 2000, NULL, 2010),
(1694, 'Wednesday', '08:00', '12:00', 2000, NULL, 2010),
(1695, 'Thursday', '08:00', '12:00', 2000, NULL, 2010);
INSERT INTO `schedule` (`schid`, `day`, `starttime`, `endtime`, `cid`, `sid`, `scid`) VALUES
(1696, 'Friday', '08:00', '12:00', 2000, NULL, 2010),
(1697, 'Saturday', '08:00', '12:00', 2000, NULL, 2010),
(1698, 'Sunday', '08:00', '12:00', 2000, NULL, 2010),
(1699, 'Monday', '08:00', '12:00', 2000, NULL, 2010),
(1700, 'Tuesday', '08:00', '12:00', 2000, NULL, 2010),
(1701, 'Wednesday', '08:00', '12:00', 2000, NULL, 2010),
(1702, 'Thursday', '08:00', '12:00', 2000, NULL, 2010),
(1703, 'Friday', '08:00', '12:00', 2000, NULL, 2010),
(1704, 'Saturday', '08:00', '12:00', 2000, NULL, 2010),
(1705, 'Sunday', '08:00', '16:00', 2000, NULL, 2010),
(1706, 'Monday', '08:00', '16:00', 2000, NULL, 2010),
(1707, 'Tuesday', '08:00', '16:00', 2000, NULL, 2010),
(1708, 'Wednesday', '08:00', '16:00', 2000, NULL, 2010),
(1709, 'Thursday', '08:00', '16:00', 2000, NULL, 2010),
(1710, 'Friday', '08:00', '16:00', 2000, NULL, 2010),
(1711, 'Saturday', '08:00', '16:00', 2000, NULL, 2010),
(1712, 'Sunday', '08:00', '12:00', 2000, NULL, 2010),
(1713, 'Monday', '08:00', '12:00', 2000, NULL, 2010),
(1714, 'Tuesday', '08:00', '12:00', 2000, NULL, 2010),
(1715, 'Wednesday', '08:00', '12:00', 2000, NULL, 2010),
(1716, 'Thursday', '08:00', '12:00', 2000, NULL, 2010),
(1717, 'Friday', '08:00', '12:00', 2000, NULL, 2010),
(1718, 'Saturday', '08:00', '12:00', 2000, NULL, 2010),
(1719, 'Sunday', '10:30', '14:30', 2000, NULL, 2010),
(1720, 'Monday', '10:30', '14:30', 2000, NULL, 2010),
(1721, 'Tuesday', '10:30', '14:30', 2000, NULL, 2010),
(1722, 'Wednesday', '10:30', '14:30', 2000, NULL, 2010),
(1723, 'Thursday', '10:30', '14:30', 2000, NULL, 2010),
(1724, 'Friday', '10:30', '14:30', 2000, NULL, 2010),
(1725, 'Saturday', '10:30', '14:30', 2000, NULL, 2010),
(1726, 'Sunday', '10:30', '14:30', 2000, NULL, 2010),
(1727, 'Monday', '10:30', '14:30', 2000, NULL, 2010),
(1728, 'Tuesday', '10:30', '14:30', 2000, NULL, 2010),
(1729, 'Wednesday', '10:30', '14:30', 2000, NULL, 2010),
(1730, 'Thursday', '10:30', '14:30', 2000, NULL, 2010),
(1731, 'Friday', '10:30', '14:30', 2000, NULL, 2010),
(1732, 'Saturday', '10:30', '14:30', 2000, NULL, 2010),
(1733, 'Sunday', '10:30', '14:30', 2000, NULL, 2010),
(1734, 'Monday', '10:30', '14:30', 2000, NULL, 2010),
(1735, 'Tuesday', '10:30', '14:30', 2000, NULL, 2010),
(1736, 'Wednesday', '10:30', '14:30', 2000, NULL, 2010),
(1737, 'Thursday', '10:30', '14:30', 2000, NULL, 2010),
(1738, 'Friday', '10:30', '14:30', 2000, NULL, 2010),
(1739, 'Saturday', '10:30', '14:30', 2000, NULL, 2010),
(1740, 'Sunday', '10:30', '14:30', 2000, NULL, 2010),
(1741, 'Monday', '10:30', '14:30', 2000, NULL, 2010),
(1742, 'Tuesday', '10:30', '14:30', 2000, NULL, 2010),
(1743, 'Wednesday', '10:30', '14:30', 2000, NULL, 2010),
(1744, 'Thursday', '10:30', '14:30', 2000, NULL, 2010),
(1745, 'Friday', '10:30', '14:30', 2000, NULL, 2010),
(1746, 'Saturday', '10:30', '14:30', 2000, NULL, 2010),
(1747, 'Sunday', '10:30', '14:30', 2000, NULL, 2010),
(1748, 'Monday', '10:30', '14:30', 2000, NULL, 2010),
(1749, 'Tuesday', '10:30', '14:30', 2000, NULL, 2010),
(1750, 'Wednesday', '10:30', '14:30', 2000, NULL, 2010),
(1751, 'Thursday', '10:30', '14:30', 2000, NULL, 2010),
(1752, 'Friday', '10:30', '14:30', 2000, NULL, 2010),
(1753, 'Saturday', '10:30', '14:30', 2000, NULL, 2010),
(1754, 'Sunday', '10:30', '14:30', 2000, NULL, 2010),
(1755, 'Monday', '10:30', '14:30', 2000, NULL, 2010),
(1756, 'Tuesday', '10:30', '14:30', 2000, NULL, 2010),
(1757, 'Wednesday', '10:30', '14:30', 2000, NULL, 2010),
(1758, 'Thursday', '10:30', '14:30', 2000, NULL, 2010),
(1759, 'Friday', '10:30', '14:30', 2000, NULL, 2010),
(1760, 'Saturday', '10:30', '14:30', 2000, NULL, 2010),
(1761, 'Sunday', '11:30', '19:30', 2000, NULL, 2010),
(1762, 'Monday', '11:30', '19:30', 2000, NULL, 2010),
(1763, 'Tuesday', '11:30', '19:30', 2000, NULL, 2010),
(1764, 'Wednesday', '11:30', '19:30', 2000, NULL, 2010),
(1765, 'Thursday', '11:30', '19:30', 2000, NULL, 2010),
(1766, 'Friday', '11:30', '19:30', 2000, NULL, 2010),
(1767, 'Saturday', '11:30', '19:30', 2000, NULL, 2010),
(1768, 'Sunday', '12:30', '16:30', 2000, NULL, 2010),
(1769, 'Monday', '12:30', '16:30', 2000, NULL, 2010),
(1770, 'Tuesday', '12:30', '16:30', 2000, NULL, 2010),
(1771, 'Wednesday', '12:30', '16:30', 2000, NULL, 2010),
(1772, 'Thursday', '12:30', '16:30', 2000, NULL, 2010),
(1773, 'Friday', '12:30', '16:30', 2000, NULL, 2010),
(1774, 'Saturday', '12:30', '16:30', 2000, NULL, 2010),
(1775, 'Sunday', '12:30', '16:30', 2000, NULL, 2010),
(1776, 'Monday', '12:30', '16:30', 2000, NULL, 2010),
(1777, 'Tuesday', '12:30', '16:30', 2000, NULL, 2010),
(1778, 'Wednesday', '12:30', '16:30', 2000, NULL, 2010),
(1779, 'Thursday', '12:30', '16:30', 2000, NULL, 2010),
(1780, 'Friday', '12:30', '16:30', 2000, NULL, 2010),
(1781, 'Saturday', '12:30', '16:30', 2000, NULL, 2010),
(1782, 'Sunday', '12:30', '16:30', 2000, NULL, 2010),
(1783, 'Monday', '12:30', '16:30', 2000, NULL, 2010),
(1784, 'Tuesday', '12:30', '16:30', 2000, NULL, 2010),
(1785, 'Wednesday', '12:30', '16:30', 2000, NULL, 2010),
(1786, 'Thursday', '12:30', '16:30', 2000, NULL, 2010),
(1787, 'Friday', '12:30', '16:30', 2000, NULL, 2010),
(1788, 'Saturday', '12:30', '16:30', 2000, NULL, 2010),
(1789, 'Sunday', '12:30', '16:30', 2000, NULL, 2010),
(1790, 'Monday', '12:30', '16:30', 2000, NULL, 2010),
(1791, 'Tuesday', '12:30', '16:30', 2000, NULL, 2010),
(1792, 'Wednesday', '12:30', '16:30', 2000, NULL, 2010),
(1793, 'Thursday', '12:30', '16:30', 2000, NULL, 2010),
(1794, 'Friday', '12:30', '16:30', 2000, NULL, 2010),
(1795, 'Saturday', '12:30', '16:30', 2000, NULL, 2010),
(1796, 'Sunday', '12:30', '16:30', 2000, NULL, 2010),
(1797, 'Monday', '12:30', '16:30', 2000, NULL, 2010),
(1798, 'Tuesday', '12:30', '16:30', 2000, NULL, 2010),
(1799, 'Wednesday', '12:30', '16:30', 2000, NULL, 2010),
(1800, 'Thursday', '12:30', '16:30', 2000, NULL, 2010),
(1801, 'Friday', '12:30', '16:30', 2000, NULL, 2010),
(1802, 'Saturday', '12:30', '16:30', 2000, NULL, 2010),
(1803, 'Sunday', '12:30', '16:30', 2000, NULL, 2010),
(1804, 'Monday', '12:30', '16:30', 2000, NULL, 2010),
(1805, 'Tuesday', '12:30', '16:30', 2000, NULL, 2010),
(1806, 'Wednesday', '12:30', '16:30', 2000, NULL, 2010),
(1807, 'Thursday', '12:30', '16:30', 2000, NULL, 2010),
(1808, 'Friday', '12:30', '16:30', 2000, NULL, 2010),
(1809, 'Saturday', '12:30', '16:30', 2000, NULL, 2010),
(1810, 'Sunday', '16:00', '19:30', 2000, NULL, 2010),
(1811, 'Monday', '16:00', '19:30', 2000, NULL, 2010),
(1812, 'Tuesday', '16:00', '19:30', 2000, NULL, 2010),
(1813, 'Wednesday', '16:00', '19:30', 2000, NULL, 2010),
(1814, 'Thursday', '16:00', '19:30', 2000, NULL, 2010),
(1815, 'Friday', '16:00', '19:30', 2000, NULL, 2010),
(1816, 'Saturday', '16:00', '19:30', 2000, NULL, 2010),
(1817, 'Sunday', '16:00', '19:30', 2000, NULL, 2010),
(1818, 'Monday', '16:00', '19:30', 2000, NULL, 2010),
(1819, 'Tuesday', '16:00', '19:30', 2000, NULL, 2010),
(1820, 'Wednesday', '16:00', '19:30', 2000, NULL, 2010),
(1821, 'Thursday', '16:00', '19:30', 2000, NULL, 2010),
(1822, 'Friday', '16:00', '19:30', 2000, NULL, 2010),
(1823, 'Saturday', '16:00', '19:30', 2000, NULL, 2010),
(1824, 'Sunday', '16:00', '19:30', 2000, NULL, 2010),
(1825, 'Monday', '16:00', '19:30', 2000, NULL, 2010),
(1826, 'Tuesday', '16:00', '19:30', 2000, NULL, 2010),
(1827, 'Wednesday', '16:00', '19:30', 2000, NULL, 2010),
(1828, 'Thursday', '16:00', '19:30', 2000, NULL, 2010),
(1829, 'Friday', '16:00', '19:30', 2000, NULL, 2010),
(1830, 'Saturday', '16:00', '19:30', 2000, NULL, 2010),
(1831, 'Sunday', '16:00', '19:30', 2000, NULL, 2010),
(1832, 'Monday', '16:00', '19:30', 2000, NULL, 2010),
(1833, 'Tuesday', '16:00', '19:30', 2000, NULL, 2010),
(1834, 'Wednesday', '16:00', '19:30', 2000, NULL, 2010),
(1835, 'Thursday', '16:00', '19:30', 2000, NULL, 2010),
(1836, 'Friday', '16:00', '19:30', 2000, NULL, 2010),
(1837, 'Saturday', '16:00', '19:30', 2000, NULL, 2010),
(1838, 'Sunday', '07:00', '14:30', 2000, NULL, 2011),
(1839, 'Monday', '07:00', '14:30', 2000, NULL, 2011),
(1840, 'Tuesday', '07:00', '14:30', 2000, NULL, 2011),
(1841, 'Wednesday', '07:00', '14:30', 2000, NULL, 2011),
(1842, 'Thursday', '07:00', '14:30', 2000, NULL, 2011),
(1843, 'Friday', '07:00', '14:30', 2000, NULL, 2011),
(1844, 'Saturday', '07:00', '14:30', 2000, NULL, 2011),
(1845, 'Sunday', '07:00', '10:30', 2000, NULL, 2011),
(1846, 'Monday', '07:00', '10:30', 2000, NULL, 2011),
(1847, 'Tuesday', '07:00', '10:30', 2000, NULL, 2011),
(1848, 'Wednesday', '07:00', '10:30', 2000, NULL, 2011),
(1849, 'Thursday', '07:00', '10:30', 2000, NULL, 2011),
(1850, 'Friday', '07:00', '10:30', 2000, NULL, 2011),
(1851, 'Saturday', '07:00', '10:30', 2000, NULL, 2011),
(1852, 'Sunday', '08:00', '12:00', 2000, NULL, 2011),
(1853, 'Monday', '08:00', '12:00', 2000, NULL, 2011),
(1854, 'Tuesday', '08:00', '12:00', 2000, NULL, 2011),
(1855, 'Wednesday', '08:00', '12:00', 2000, NULL, 2011),
(1856, 'Thursday', '08:00', '12:00', 2000, NULL, 2011),
(1857, 'Friday', '08:00', '12:00', 2000, NULL, 2011),
(1858, 'Saturday', '08:00', '12:00', 2000, NULL, 2011),
(1859, 'Sunday', '08:00', '12:00', 2000, NULL, 2011),
(1860, 'Monday', '08:00', '12:00', 2000, NULL, 2011),
(1861, 'Tuesday', '08:00', '12:00', 2000, NULL, 2011),
(1862, 'Wednesday', '08:00', '12:00', 2000, NULL, 2011),
(1863, 'Thursday', '08:00', '12:00', 2000, NULL, 2011),
(1864, 'Friday', '08:00', '12:00', 2000, NULL, 2011),
(1865, 'Saturday', '08:00', '12:00', 2000, NULL, 2011),
(1866, 'Sunday', '08:00', '16:00', 2000, NULL, 2011),
(1867, 'Monday', '08:00', '16:00', 2000, NULL, 2011),
(1868, 'Tuesday', '08:00', '16:00', 2000, NULL, 2011),
(1869, 'Wednesday', '08:00', '16:00', 2000, NULL, 2011),
(1870, 'Thursday', '08:00', '16:00', 2000, NULL, 2011),
(1871, 'Friday', '08:00', '16:00', 2000, NULL, 2011),
(1872, 'Saturday', '08:00', '16:00', 2000, NULL, 2011),
(1873, 'Sunday', '08:00', '12:00', 2000, NULL, 2011),
(1874, 'Monday', '08:00', '12:00', 2000, NULL, 2011),
(1875, 'Tuesday', '08:00', '12:00', 2000, NULL, 2011),
(1876, 'Wednesday', '08:00', '12:00', 2000, NULL, 2011),
(1877, 'Thursday', '08:00', '12:00', 2000, NULL, 2011),
(1878, 'Friday', '08:00', '12:00', 2000, NULL, 2011),
(1879, 'Saturday', '08:00', '12:00', 2000, NULL, 2011),
(1880, 'Sunday', '10:30', '14:30', 2000, NULL, 2011),
(1881, 'Monday', '10:30', '14:30', 2000, NULL, 2011),
(1882, 'Tuesday', '10:30', '14:30', 2000, NULL, 2011),
(1883, 'Wednesday', '10:30', '14:30', 2000, NULL, 2011),
(1884, 'Thursday', '10:30', '14:30', 2000, NULL, 2011),
(1885, 'Friday', '10:30', '14:30', 2000, NULL, 2011),
(1886, 'Saturday', '10:30', '14:30', 2000, NULL, 2011),
(1887, 'Sunday', '10:30', '14:30', 2000, NULL, 2011),
(1888, 'Monday', '10:30', '14:30', 2000, NULL, 2011),
(1889, 'Tuesday', '10:30', '14:30', 2000, NULL, 2011),
(1890, 'Wednesday', '10:30', '14:30', 2000, NULL, 2011),
(1891, 'Thursday', '10:30', '14:30', 2000, NULL, 2011),
(1892, 'Friday', '10:30', '14:30', 2000, NULL, 2011),
(1893, 'Saturday', '10:30', '14:30', 2000, NULL, 2011),
(1894, 'Sunday', '10:30', '14:30', 2000, NULL, 2011),
(1895, 'Monday', '10:30', '14:30', 2000, NULL, 2011),
(1896, 'Tuesday', '10:30', '14:30', 2000, NULL, 2011),
(1897, 'Wednesday', '10:30', '14:30', 2000, NULL, 2011),
(1898, 'Thursday', '10:30', '14:30', 2000, NULL, 2011),
(1899, 'Friday', '10:30', '14:30', 2000, NULL, 2011),
(1900, 'Saturday', '10:30', '14:30', 2000, NULL, 2011),
(1901, 'Sunday', '10:30', '14:30', 2000, NULL, 2011),
(1902, 'Monday', '10:30', '14:30', 2000, NULL, 2011),
(1903, 'Tuesday', '10:30', '14:30', 2000, NULL, 2011),
(1904, 'Wednesday', '10:30', '14:30', 2000, NULL, 2011),
(1905, 'Thursday', '10:30', '14:30', 2000, NULL, 2011),
(1906, 'Friday', '10:30', '14:30', 2000, NULL, 2011),
(1907, 'Saturday', '10:30', '14:30', 2000, NULL, 2011),
(1908, 'Sunday', '10:30', '14:30', 2000, NULL, 2011),
(1909, 'Monday', '10:30', '14:30', 2000, NULL, 2011),
(1910, 'Tuesday', '10:30', '14:30', 2000, NULL, 2011),
(1911, 'Wednesday', '10:30', '14:30', 2000, NULL, 2011),
(1912, 'Thursday', '10:30', '14:30', 2000, NULL, 2011),
(1913, 'Friday', '10:30', '14:30', 2000, NULL, 2011),
(1914, 'Saturday', '10:30', '14:30', 2000, NULL, 2011),
(1915, 'Sunday', '10:30', '14:30', 2000, NULL, 2011),
(1916, 'Monday', '10:30', '14:30', 2000, NULL, 2011),
(1917, 'Tuesday', '10:30', '14:30', 2000, NULL, 2011),
(1918, 'Wednesday', '10:30', '14:30', 2000, NULL, 2011),
(1919, 'Thursday', '10:30', '14:30', 2000, NULL, 2011),
(1920, 'Friday', '10:30', '14:30', 2000, NULL, 2011),
(1921, 'Saturday', '10:30', '14:30', 2000, NULL, 2011),
(1922, 'Sunday', '11:30', '19:30', 2000, NULL, 2011),
(1923, 'Monday', '11:30', '19:30', 2000, NULL, 2011),
(1924, 'Tuesday', '11:30', '19:30', 2000, NULL, 2011),
(1925, 'Wednesday', '11:30', '19:30', 2000, NULL, 2011),
(1926, 'Thursday', '11:30', '19:30', 2000, NULL, 2011),
(1927, 'Friday', '11:30', '19:30', 2000, NULL, 2011),
(1928, 'Saturday', '11:30', '19:30', 2000, NULL, 2011),
(1929, 'Sunday', '12:30', '16:30', 2000, NULL, 2011),
(1930, 'Monday', '12:30', '16:30', 2000, NULL, 2011),
(1931, 'Tuesday', '12:30', '16:30', 2000, NULL, 2011),
(1932, 'Wednesday', '12:30', '16:30', 2000, NULL, 2011),
(1933, 'Thursday', '12:30', '16:30', 2000, NULL, 2011),
(1934, 'Friday', '12:30', '16:30', 2000, NULL, 2011),
(1935, 'Saturday', '12:30', '16:30', 2000, NULL, 2011),
(1936, 'Sunday', '12:30', '16:30', 2000, NULL, 2011),
(1937, 'Monday', '12:30', '16:30', 2000, NULL, 2011),
(1938, 'Tuesday', '12:30', '16:30', 2000, NULL, 2011),
(1939, 'Wednesday', '12:30', '16:30', 2000, NULL, 2011),
(1940, 'Thursday', '12:30', '16:30', 2000, NULL, 2011),
(1941, 'Friday', '12:30', '16:30', 2000, NULL, 2011),
(1942, 'Saturday', '12:30', '16:30', 2000, NULL, 2011),
(1943, 'Sunday', '12:30', '16:30', 2000, NULL, 2011),
(1944, 'Monday', '12:30', '16:30', 2000, NULL, 2011),
(1945, 'Tuesday', '12:30', '16:30', 2000, NULL, 2011),
(1946, 'Wednesday', '12:30', '16:30', 2000, NULL, 2011),
(1947, 'Thursday', '12:30', '16:30', 2000, NULL, 2011),
(1948, 'Friday', '12:30', '16:30', 2000, NULL, 2011),
(1949, 'Saturday', '12:30', '16:30', 2000, NULL, 2011),
(1950, 'Sunday', '12:30', '16:30', 2000, NULL, 2011),
(1951, 'Monday', '12:30', '16:30', 2000, NULL, 2011),
(1952, 'Tuesday', '12:30', '16:30', 2000, NULL, 2011),
(1953, 'Wednesday', '12:30', '16:30', 2000, NULL, 2011),
(1954, 'Thursday', '12:30', '16:30', 2000, NULL, 2011),
(1955, 'Friday', '12:30', '16:30', 2000, NULL, 2011),
(1956, 'Saturday', '12:30', '16:30', 2000, NULL, 2011),
(1957, 'Sunday', '12:30', '16:30', 2000, NULL, 2011),
(1958, 'Monday', '12:30', '16:30', 2000, NULL, 2011),
(1959, 'Tuesday', '12:30', '16:30', 2000, NULL, 2011),
(1960, 'Wednesday', '12:30', '16:30', 2000, NULL, 2011),
(1961, 'Thursday', '12:30', '16:30', 2000, NULL, 2011),
(1962, 'Friday', '12:30', '16:30', 2000, NULL, 2011),
(1963, 'Saturday', '12:30', '16:30', 2000, NULL, 2011),
(1964, 'Sunday', '12:30', '16:30', 2000, NULL, 2011),
(1965, 'Monday', '12:30', '16:30', 2000, NULL, 2011),
(1966, 'Tuesday', '12:30', '16:30', 2000, NULL, 2011),
(1967, 'Wednesday', '12:30', '16:30', 2000, NULL, 2011),
(1968, 'Thursday', '12:30', '16:30', 2000, NULL, 2011),
(1969, 'Friday', '12:30', '16:30', 2000, NULL, 2011),
(1970, 'Saturday', '12:30', '16:30', 2000, NULL, 2011),
(1971, 'Sunday', '16:00', '19:30', 2000, NULL, 2011),
(1972, 'Monday', '16:00', '19:30', 2000, NULL, 2011),
(1973, 'Tuesday', '16:00', '19:30', 2000, NULL, 2011),
(1974, 'Wednesday', '16:00', '19:30', 2000, NULL, 2011),
(1975, 'Thursday', '16:00', '19:30', 2000, NULL, 2011),
(1976, 'Friday', '16:00', '19:30', 2000, NULL, 2011),
(1977, 'Saturday', '16:00', '19:30', 2000, NULL, 2011),
(1978, 'Sunday', '16:00', '19:30', 2000, NULL, 2011),
(1979, 'Monday', '16:00', '19:30', 2000, NULL, 2011),
(1980, 'Tuesday', '16:00', '19:30', 2000, NULL, 2011),
(1981, 'Wednesday', '16:00', '19:30', 2000, NULL, 2011),
(1982, 'Thursday', '16:00', '19:30', 2000, NULL, 2011),
(1983, 'Friday', '16:00', '19:30', 2000, NULL, 2011),
(1984, 'Saturday', '16:00', '19:30', 2000, NULL, 2011),
(1985, 'Sunday', '16:00', '19:30', 2000, NULL, 2011),
(1986, 'Monday', '16:00', '19:30', 2000, NULL, 2011),
(1987, 'Tuesday', '16:00', '19:30', 2000, NULL, 2011),
(1988, 'Wednesday', '16:00', '19:30', 2000, NULL, 2011),
(1989, 'Thursday', '16:00', '19:30', 2000, NULL, 2011),
(1990, 'Friday', '16:00', '19:30', 2000, NULL, 2011),
(1991, 'Saturday', '16:00', '19:30', 2000, NULL, 2011),
(1992, 'Sunday', '16:00', '19:30', 2000, NULL, 2011),
(1993, 'Monday', '16:00', '19:30', 2000, NULL, 2011),
(1994, 'Tuesday', '16:00', '19:30', 2000, NULL, 2011),
(1995, 'Wednesday', '16:00', '19:30', 2000, NULL, 2011),
(1996, 'Thursday', '16:00', '19:30', 2000, NULL, 2011),
(1997, 'Friday', '16:00', '19:30', 2000, NULL, 2011),
(1998, 'Saturday', '16:00', '19:30', 2000, NULL, 2011),
(1999, 'Sunday', '08:00', '12:00', 4000, NULL, 4010),
(2000, 'Monday', '08:00', '12:00', 4000, NULL, 4010),
(2001, 'Tuesday', '08:00', '12:00', 4000, NULL, 4010),
(2002, 'Wednesday', '08:00', '12:00', 4000, NULL, 4010),
(2003, 'Thursday', '08:00', '12:00', 4000, NULL, 4010),
(2004, 'Friday', '08:00', '12:00', 4000, NULL, 4010),
(2005, 'Saturday', '08:00', '12:00', 4000, NULL, 4010),
(2006, 'Sunday', '08:00', '12:00', 4000, NULL, 4010),
(2007, 'Monday', '08:00', '12:00', 4000, NULL, 4010),
(2008, 'Tuesday', '08:00', '12:00', 4000, NULL, 4010),
(2009, 'Wednesday', '08:00', '12:00', 4000, NULL, 4010),
(2010, 'Thursday', '08:00', '12:00', 4000, NULL, 4010),
(2011, 'Friday', '08:00', '12:00', 4000, NULL, 4010),
(2012, 'Saturday', '08:00', '12:00', 4000, NULL, 4010),
(2013, 'Sunday', '08:00', '12:00', 4000, NULL, 4010),
(2014, 'Monday', '08:00', '12:00', 4000, NULL, 4010),
(2015, 'Tuesday', '08:00', '12:00', 4000, NULL, 4010),
(2016, 'Wednesday', '08:00', '12:00', 4000, NULL, 4010),
(2017, 'Thursday', '08:00', '12:00', 4000, NULL, 4010),
(2018, 'Friday', '08:00', '12:00', 4000, NULL, 4010),
(2019, 'Saturday', '08:00', '12:00', 4000, NULL, 4010),
(2020, 'Sunday', '08:00', '12:00', 4000, NULL, 4010),
(2021, 'Monday', '08:00', '12:00', 4000, NULL, 4010),
(2022, 'Tuesday', '08:00', '12:00', 4000, NULL, 4010),
(2023, 'Wednesday', '08:00', '12:00', 4000, NULL, 4010),
(2024, 'Thursday', '08:00', '12:00', 4000, NULL, 4010),
(2025, 'Friday', '08:00', '12:00', 4000, NULL, 4010),
(2026, 'Saturday', '08:00', '12:00', 4000, NULL, 4010),
(2027, 'Sunday', '09:00', '13:00', 4000, NULL, 4010),
(2028, 'Monday', '09:00', '13:00', 4000, NULL, 4010),
(2029, 'Tuesday', '09:00', '13:00', 4000, NULL, 4010),
(2030, 'Wednesday', '09:00', '13:00', 4000, NULL, 4010),
(2031, 'Thursday', '09:00', '13:00', 4000, NULL, 4010),
(2032, 'Friday', '09:00', '13:00', 4000, NULL, 4010),
(2033, 'Saturday', '09:00', '13:00', 4000, NULL, 4010),
(2034, 'Sunday', '10:00', '14:00', 4000, NULL, 4010),
(2035, 'Monday', '10:00', '14:00', 4000, NULL, 4010),
(2036, 'Tuesday', '10:00', '14:00', 4000, NULL, 4010),
(2037, 'Wednesday', '10:00', '14:00', 4000, NULL, 4010),
(2038, 'Thursday', '10:00', '14:00', 4000, NULL, 4010),
(2039, 'Friday', '10:00', '14:00', 4000, NULL, 4010),
(2040, 'Saturday', '10:00', '14:00', 4000, NULL, 4010),
(2041, 'Sunday', '11:00', '15:00', 4000, NULL, 4010),
(2042, 'Monday', '11:00', '15:00', 4000, NULL, 4010),
(2043, 'Tuesday', '11:00', '15:00', 4000, NULL, 4010),
(2044, 'Wednesday', '11:00', '15:00', 4000, NULL, 4010),
(2045, 'Thursday', '11:00', '15:00', 4000, NULL, 4010),
(2046, 'Friday', '11:00', '15:00', 4000, NULL, 4010),
(2047, 'Saturday', '11:00', '15:00', 4000, NULL, 4010),
(2048, 'Sunday', '10:00', '14:00', 4000, NULL, 4010),
(2049, 'Monday', '10:00', '14:00', 4000, NULL, 4010),
(2050, 'Tuesday', '10:00', '14:00', 4000, NULL, 4010),
(2051, 'Wednesday', '10:00', '14:00', 4000, NULL, 4010),
(2052, 'Thursday', '10:00', '14:00', 4000, NULL, 4010),
(2053, 'Friday', '10:00', '14:00', 4000, NULL, 4010),
(2054, 'Saturday', '10:00', '14:00', 4000, NULL, 4010),
(2055, 'Sunday', '17:30', '21:30', 4000, NULL, 4010),
(2056, 'Monday', '17:30', '21:30', 4000, NULL, 4010),
(2057, 'Tuesday', '17:30', '21:30', 4000, NULL, 4010),
(2058, 'Wednesday', '17:30', '21:30', 4000, NULL, 4010),
(2059, 'Thursday', '17:30', '21:30', 4000, NULL, 4010),
(2060, 'Friday', '17:30', '21:30', 4000, NULL, 4010),
(2061, 'Saturday', '17:30', '21:30', 4000, NULL, 4010),
(2062, 'Sunday', '12:00', '16:00', 4000, NULL, 4010),
(2063, 'Monday', '12:00', '16:00', 4000, NULL, 4010),
(2064, 'Tuesday', '12:00', '16:00', 4000, NULL, 4010),
(2065, 'Wednesday', '12:00', '16:00', 4000, NULL, 4010),
(2066, 'Thursday', '12:00', '16:00', 4000, NULL, 4010),
(2067, 'Friday', '12:00', '16:00', 4000, NULL, 4010),
(2068, 'Saturday', '12:00', '16:00', 4000, NULL, 4010),
(2069, 'Sunday', '12:00', '20:00', 4000, NULL, 4010),
(2070, 'Monday', '12:00', '20:00', 4000, NULL, 4010),
(2071, 'Tuesday', '12:00', '20:00', 4000, NULL, 4010),
(2072, 'Wednesday', '12:00', '20:00', 4000, NULL, 4010),
(2073, 'Thursday', '12:00', '20:00', 4000, NULL, 4010),
(2074, 'Friday', '12:00', '20:00', 4000, NULL, 4010),
(2075, 'Saturday', '12:00', '20:00', 4000, NULL, 4010),
(2076, 'Sunday', '16:00', '20:00', 4000, NULL, 4010),
(2077, 'Monday', '16:00', '20:00', 4000, NULL, 4010),
(2078, 'Tuesday', '16:00', '20:00', 4000, NULL, 4010),
(2079, 'Wednesday', '16:00', '20:00', 4000, NULL, 4010),
(2080, 'Thursday', '16:00', '20:00', 4000, NULL, 4010),
(2081, 'Friday', '16:00', '20:00', 4000, NULL, 4010),
(2082, 'Saturday', '16:00', '20:00', 4000, NULL, 4010),
(2083, 'Sunday', '17:30', '21:30', 4000, NULL, 4010),
(2084, 'Monday', '17:30', '21:30', 4000, NULL, 4010),
(2085, 'Tuesday', '17:30', '21:30', 4000, NULL, 4010),
(2086, 'Wednesday', '17:30', '21:30', 4000, NULL, 4010),
(2087, 'Thursday', '17:30', '21:30', 4000, NULL, 4010),
(2088, 'Friday', '17:30', '21:30', 4000, NULL, 4010),
(2089, 'Saturday', '17:30', '21:30', 4000, NULL, 4010),
(2090, 'Sunday', '17:30', '21:30', 4000, NULL, 4010),
(2091, 'Monday', '17:30', '21:30', 4000, NULL, 4010),
(2092, 'Tuesday', '17:30', '21:30', 4000, NULL, 4010),
(2093, 'Wednesday', '17:30', '21:30', 4000, NULL, 4010),
(2094, 'Thursday', '17:30', '21:30', 4000, NULL, 4010),
(2095, 'Friday', '17:30', '21:30', 4000, NULL, 4010),
(2096, 'Saturday', '17:30', '21:30', 4000, NULL, 4010),
(2097, 'Sunday', '17:30', '21:30', 4000, NULL, 4010),
(2098, 'Monday', '17:30', '21:30', 4000, NULL, 4010),
(2099, 'Tuesday', '17:30', '21:30', 4000, NULL, 4010),
(2100, 'Wednesday', '17:30', '21:30', 4000, NULL, 4010),
(2101, 'Thursday', '17:30', '21:30', 4000, NULL, 4010),
(2102, 'Friday', '17:30', '21:30', 4000, NULL, 4010),
(2103, 'Saturday', '17:30', '21:30', 4000, NULL, 4010),
(2104, 'Sunday', '17:30', '21:30', 4000, NULL, 4010),
(2105, 'Monday', '17:30', '21:30', 4000, NULL, 4010),
(2106, 'Tuesday', '17:30', '21:30', 4000, NULL, 4010),
(2107, 'Wednesday', '17:30', '21:30', 4000, NULL, 4010),
(2108, 'Thursday', '17:30', '21:30', 4000, NULL, 4010),
(2109, 'Friday', '17:30', '21:30', 4000, NULL, 4010),
(2110, 'Saturday', '17:30', '21:30', 4000, NULL, 4010),
(2111, 'Sunday', '10:30', '14:30', 4000, NULL, 4010),
(2112, 'Monday', '10:30', '14:30', 4000, NULL, 4010),
(2113, 'Tuesday', '10:30', '14:30', 4000, NULL, 4010),
(2114, 'Wednesday', '10:30', '14:30', 4000, NULL, 4010),
(2115, 'Thursday', '10:30', '14:30', 4000, NULL, 4010),
(2116, 'Friday', '10:30', '14:30', 4000, NULL, 4010),
(2117, 'Saturday', '10:30', '14:30', 4000, NULL, 4010),
(2118, 'Sunday', '11:00', '15:00', 4000, NULL, 4010),
(2119, 'Monday', '11:00', '15:00', 4000, NULL, 4010),
(2120, 'Tuesday', '11:00', '15:00', 4000, NULL, 4010),
(2121, 'Wednesday', '11:00', '15:00', 4000, NULL, 4010),
(2122, 'Thursday', '11:00', '15:00', 4000, NULL, 4010),
(2123, 'Friday', '11:00', '15:00', 4000, NULL, 4010),
(2124, 'Saturday', '11:00', '15:00', 4000, NULL, 4010),
(2125, 'Sunday', '14:00', '18:00', 4000, NULL, 4010),
(2126, 'Monday', '14:00', '18:00', 4000, NULL, 4010),
(2127, 'Tuesday', '14:00', '18:00', 4000, NULL, 4010),
(2128, 'Wednesday', '14:00', '18:00', 4000, NULL, 4010),
(2129, 'Thursday', '14:00', '18:00', 4000, NULL, 4010),
(2130, 'Friday', '14:00', '18:00', 4000, NULL, 4010),
(2131, 'Saturday', '14:00', '18:00', 4000, NULL, 4010),
(2132, 'Sunday', '14:00', '18:00', 4000, NULL, 4010),
(2133, 'Monday', '14:00', '18:00', 4000, NULL, 4010),
(2134, 'Tuesday', '14:00', '18:00', 4000, NULL, 4010),
(2135, 'Wednesday', '14:00', '18:00', 4000, NULL, 4010),
(2136, 'Thursday', '14:00', '18:00', 4000, NULL, 4010),
(2137, 'Friday', '14:00', '18:00', 4000, NULL, 4010),
(2138, 'Saturday', '14:00', '18:00', 4000, NULL, 4010),
(2139, 'Sunday', '17:30', '21:30', 4000, NULL, 4010),
(2140, 'Monday', '17:30', '21:30', 4000, NULL, 4010),
(2141, 'Tuesday', '17:30', '21:30', 4000, NULL, 4010),
(2142, 'Wednesday', '17:30', '21:30', 4000, NULL, 4010),
(2143, 'Thursday', '17:30', '21:30', 4000, NULL, 4010),
(2144, 'Friday', '17:30', '21:30', 4000, NULL, 4010),
(2145, 'Saturday', '17:30', '21:30', 4000, NULL, 4010),
(2146, 'Sunday', '17:30', '21:30', 4000, NULL, 4010),
(2147, 'Monday', '17:30', '21:30', 4000, NULL, 4010),
(2148, 'Tuesday', '17:30', '21:30', 4000, NULL, 4010),
(2149, 'Wednesday', '17:30', '21:30', 4000, NULL, 4010),
(2150, 'Thursday', '17:30', '21:30', 4000, NULL, 4010),
(2151, 'Friday', '17:30', '21:30', 4000, NULL, 4010),
(2152, 'Saturday', '17:30', '21:30', 4000, NULL, 4010),
(2153, 'Sunday', '08:00', '12:00', 4000, NULL, 4011),
(2154, 'Monday', '08:00', '12:00', 4000, NULL, 4011),
(2155, 'Tuesday', '08:00', '12:00', 4000, NULL, 4011),
(2156, 'Wednesday', '08:00', '12:00', 4000, NULL, 4011),
(2157, 'Thursday', '08:00', '12:00', 4000, NULL, 4011),
(2158, 'Friday', '08:00', '12:00', 4000, NULL, 4011),
(2159, 'Saturday', '08:00', '12:00', 4000, NULL, 4011),
(2160, 'Sunday', '08:00', '12:00', 4000, NULL, 4011),
(2161, 'Monday', '08:00', '12:00', 4000, NULL, 4011),
(2162, 'Tuesday', '08:00', '12:00', 4000, NULL, 4011),
(2163, 'Wednesday', '08:00', '12:00', 4000, NULL, 4011),
(2164, 'Thursday', '08:00', '12:00', 4000, NULL, 4011),
(2165, 'Friday', '08:00', '12:00', 4000, NULL, 4011),
(2166, 'Saturday', '08:00', '12:00', 4000, NULL, 4011),
(2167, 'Sunday', '08:00', '12:00', 4000, NULL, 4011),
(2168, 'Monday', '08:00', '12:00', 4000, NULL, 4011),
(2169, 'Tuesday', '08:00', '12:00', 4000, NULL, 4011),
(2170, 'Wednesday', '08:00', '12:00', 4000, NULL, 4011),
(2171, 'Thursday', '08:00', '12:00', 4000, NULL, 4011),
(2172, 'Friday', '08:00', '12:00', 4000, NULL, 4011),
(2173, 'Saturday', '08:00', '12:00', 4000, NULL, 4011),
(2174, 'Sunday', '08:00', '12:00', 4000, NULL, 4011),
(2175, 'Monday', '08:00', '12:00', 4000, NULL, 4011),
(2176, 'Tuesday', '08:00', '12:00', 4000, NULL, 4011),
(2177, 'Wednesday', '08:00', '12:00', 4000, NULL, 4011),
(2178, 'Thursday', '08:00', '12:00', 4000, NULL, 4011),
(2179, 'Friday', '08:00', '12:00', 4000, NULL, 4011),
(2180, 'Saturday', '08:00', '12:00', 4000, NULL, 4011),
(2181, 'Sunday', '09:00', '13:00', 4000, NULL, 4011),
(2182, 'Monday', '09:00', '13:00', 4000, NULL, 4011),
(2183, 'Tuesday', '09:00', '13:00', 4000, NULL, 4011),
(2184, 'Wednesday', '09:00', '13:00', 4000, NULL, 4011),
(2185, 'Thursday', '09:00', '13:00', 4000, NULL, 4011),
(2186, 'Friday', '09:00', '13:00', 4000, NULL, 4011),
(2187, 'Saturday', '09:00', '13:00', 4000, NULL, 4011),
(2188, 'Sunday', '10:00', '14:00', 4000, NULL, 4011),
(2189, 'Monday', '10:00', '14:00', 4000, NULL, 4011),
(2190, 'Tuesday', '10:00', '14:00', 4000, NULL, 4011),
(2191, 'Wednesday', '10:00', '14:00', 4000, NULL, 4011),
(2192, 'Thursday', '10:00', '14:00', 4000, NULL, 4011),
(2193, 'Friday', '10:00', '14:00', 4000, NULL, 4011),
(2194, 'Saturday', '10:00', '14:00', 4000, NULL, 4011),
(2195, 'Sunday', '11:00', '15:00', 4000, NULL, 4011),
(2196, 'Monday', '11:00', '15:00', 4000, NULL, 4011),
(2197, 'Tuesday', '11:00', '15:00', 4000, NULL, 4011),
(2198, 'Wednesday', '11:00', '15:00', 4000, NULL, 4011),
(2199, 'Thursday', '11:00', '15:00', 4000, NULL, 4011),
(2200, 'Friday', '11:00', '15:00', 4000, NULL, 4011),
(2201, 'Saturday', '11:00', '15:00', 4000, NULL, 4011),
(2202, 'Sunday', '10:00', '14:00', 4000, NULL, 4011),
(2203, 'Monday', '10:00', '14:00', 4000, NULL, 4011),
(2204, 'Tuesday', '10:00', '14:00', 4000, NULL, 4011),
(2205, 'Wednesday', '10:00', '14:00', 4000, NULL, 4011),
(2206, 'Thursday', '10:00', '14:00', 4000, NULL, 4011),
(2207, 'Friday', '10:00', '14:00', 4000, NULL, 4011),
(2208, 'Saturday', '10:00', '14:00', 4000, NULL, 4011),
(2209, 'Sunday', '17:30', '21:30', 4000, NULL, 4011),
(2210, 'Monday', '17:30', '21:30', 4000, NULL, 4011),
(2211, 'Tuesday', '17:30', '21:30', 4000, NULL, 4011),
(2212, 'Wednesday', '17:30', '21:30', 4000, NULL, 4011),
(2213, 'Thursday', '17:30', '21:30', 4000, NULL, 4011),
(2214, 'Friday', '17:30', '21:30', 4000, NULL, 4011),
(2215, 'Saturday', '17:30', '21:30', 4000, NULL, 4011),
(2216, 'Sunday', '12:00', '16:00', 4000, NULL, 4011),
(2217, 'Monday', '12:00', '16:00', 4000, NULL, 4011),
(2218, 'Tuesday', '12:00', '16:00', 4000, NULL, 4011),
(2219, 'Wednesday', '12:00', '16:00', 4000, NULL, 4011),
(2220, 'Thursday', '12:00', '16:00', 4000, NULL, 4011),
(2221, 'Friday', '12:00', '16:00', 4000, NULL, 4011),
(2222, 'Saturday', '12:00', '16:00', 4000, NULL, 4011),
(2223, 'Sunday', '12:00', '16:00', 4000, NULL, 4011),
(2224, 'Monday', '12:00', '16:00', 4000, NULL, 4011),
(2225, 'Tuesday', '12:00', '16:00', 4000, NULL, 4011),
(2226, 'Wednesday', '12:00', '16:00', 4000, NULL, 4011),
(2227, 'Thursday', '12:00', '16:00', 4000, NULL, 4011),
(2228, 'Friday', '12:00', '16:00', 4000, NULL, 4011),
(2229, 'Saturday', '12:00', '16:00', 4000, NULL, 4011),
(2230, 'Sunday', '12:00', '20:00', 4000, NULL, 4011),
(2231, 'Monday', '12:00', '20:00', 4000, NULL, 4011),
(2232, 'Tuesday', '12:00', '20:00', 4000, NULL, 4011),
(2233, 'Wednesday', '12:00', '20:00', 4000, NULL, 4011),
(2234, 'Thursday', '12:00', '20:00', 4000, NULL, 4011),
(2235, 'Friday', '12:00', '20:00', 4000, NULL, 4011),
(2236, 'Saturday', '12:00', '20:00', 4000, NULL, 4011),
(2237, 'Sunday', '16:00', '20:00', 4000, NULL, 4011),
(2238, 'Monday', '16:00', '20:00', 4000, NULL, 4011),
(2239, 'Tuesday', '16:00', '20:00', 4000, NULL, 4011),
(2240, 'Wednesday', '16:00', '20:00', 4000, NULL, 4011),
(2241, 'Thursday', '16:00', '20:00', 4000, NULL, 4011),
(2242, 'Friday', '16:00', '20:00', 4000, NULL, 4011),
(2243, 'Saturday', '16:00', '20:00', 4000, NULL, 4011),
(2244, 'Sunday', '17:30', '21:30', 4000, NULL, 4011),
(2245, 'Monday', '17:30', '21:30', 4000, NULL, 4011),
(2246, 'Tuesday', '17:30', '21:30', 4000, NULL, 4011),
(2247, 'Wednesday', '17:30', '21:30', 4000, NULL, 4011),
(2248, 'Thursday', '17:30', '21:30', 4000, NULL, 4011),
(2249, 'Friday', '17:30', '21:30', 4000, NULL, 4011),
(2250, 'Saturday', '17:30', '21:30', 4000, NULL, 4011),
(2251, 'Sunday', '17:30', '21:30', 4000, NULL, 4011),
(2252, 'Monday', '17:30', '21:30', 4000, NULL, 4011),
(2253, 'Tuesday', '17:30', '21:30', 4000, NULL, 4011),
(2254, 'Wednesday', '17:30', '21:30', 4000, NULL, 4011),
(2255, 'Thursday', '17:30', '21:30', 4000, NULL, 4011),
(2256, 'Friday', '17:30', '21:30', 4000, NULL, 4011),
(2257, 'Saturday', '17:30', '21:30', 4000, NULL, 4011),
(2258, 'Sunday', '17:30', '21:30', 4000, NULL, 4011),
(2259, 'Monday', '17:30', '21:30', 4000, NULL, 4011),
(2260, 'Tuesday', '17:30', '21:30', 4000, NULL, 4011),
(2261, 'Wednesday', '17:30', '21:30', 4000, NULL, 4011),
(2262, 'Thursday', '17:30', '21:30', 4000, NULL, 4011),
(2263, 'Friday', '17:30', '21:30', 4000, NULL, 4011),
(2264, 'Saturday', '17:30', '21:30', 4000, NULL, 4011),
(2265, 'Sunday', '10:30', '14:30', 4000, NULL, 4011),
(2266, 'Monday', '10:30', '14:30', 4000, NULL, 4011),
(2267, 'Tuesday', '10:30', '14:30', 4000, NULL, 4011),
(2268, 'Wednesday', '10:30', '14:30', 4000, NULL, 4011),
(2269, 'Thursday', '10:30', '14:30', 4000, NULL, 4011),
(2270, 'Friday', '10:30', '14:30', 4000, NULL, 4011),
(2271, 'Saturday', '10:30', '14:30', 4000, NULL, 4011),
(2272, 'Sunday', '11:00', '15:00', 4000, NULL, 4011),
(2273, 'Monday', '11:00', '15:00', 4000, NULL, 4011),
(2274, 'Tuesday', '11:00', '15:00', 4000, NULL, 4011),
(2275, 'Wednesday', '11:00', '15:00', 4000, NULL, 4011),
(2276, 'Thursday', '11:00', '15:00', 4000, NULL, 4011),
(2277, 'Friday', '11:00', '15:00', 4000, NULL, 4011),
(2278, 'Saturday', '11:00', '15:00', 4000, NULL, 4011),
(2279, 'Sunday', '14:00', '18:00', 4000, NULL, 4011),
(2280, 'Monday', '14:00', '18:00', 4000, NULL, 4011),
(2281, 'Tuesday', '14:00', '18:00', 4000, NULL, 4011),
(2282, 'Wednesday', '14:00', '18:00', 4000, NULL, 4011),
(2283, 'Thursday', '14:00', '18:00', 4000, NULL, 4011),
(2284, 'Friday', '14:00', '18:00', 4000, NULL, 4011),
(2285, 'Saturday', '14:00', '18:00', 4000, NULL, 4011),
(2286, 'Sunday', '14:00', '18:00', 4000, NULL, 4011),
(2287, 'Monday', '14:00', '18:00', 4000, NULL, 4011),
(2288, 'Tuesday', '14:00', '18:00', 4000, NULL, 4011),
(2289, 'Wednesday', '14:00', '18:00', 4000, NULL, 4011),
(2290, 'Thursday', '14:00', '18:00', 4000, NULL, 4011),
(2291, 'Friday', '14:00', '18:00', 4000, NULL, 4011),
(2292, 'Saturday', '14:00', '18:00', 4000, NULL, 4011),
(2293, 'Sunday', '17:30', '21:30', 4000, NULL, 4011),
(2294, 'Monday', '17:30', '21:30', 4000, NULL, 4011),
(2295, 'Tuesday', '17:30', '21:30', 4000, NULL, 4011),
(2296, 'Wednesday', '17:30', '21:30', 4000, NULL, 4011),
(2297, 'Thursday', '17:30', '21:30', 4000, NULL, 4011),
(2298, 'Friday', '17:30', '21:30', 4000, NULL, 4011),
(2299, 'Saturday', '17:30', '21:30', 4000, NULL, 4011),
(2300, 'Sunday', '17:30', '21:30', 4000, NULL, 4011),
(2301, 'Monday', '17:30', '21:30', 4000, NULL, 4011),
(2302, 'Tuesday', '17:30', '21:30', 4000, NULL, 4011),
(2303, 'Wednesday', '17:30', '21:30', 4000, NULL, 4011),
(2304, 'Thursday', '17:30', '21:30', 4000, NULL, 4011),
(2305, 'Friday', '17:30', '21:30', 4000, NULL, 4011),
(2306, 'Saturday', '17:30', '21:30', 4000, NULL, 4011),
(2307, 'Sunday', '08:00', '12:00', 4000, NULL, 4012),
(2308, 'Monday', '08:00', '12:00', 4000, NULL, 4012),
(2309, 'Tuesday', '08:00', '12:00', 4000, NULL, 4012),
(2310, 'Wednesday', '08:00', '12:00', 4000, NULL, 4012),
(2311, 'Thursday', '08:00', '12:00', 4000, NULL, 4012),
(2312, 'Friday', '08:00', '12:00', 4000, NULL, 4012),
(2313, 'Saturday', '08:00', '12:00', 4000, NULL, 4012),
(2314, 'Sunday', '08:00', '12:00', 4000, NULL, 4012),
(2315, 'Monday', '08:00', '12:00', 4000, NULL, 4012),
(2316, 'Tuesday', '08:00', '12:00', 4000, NULL, 4012),
(2317, 'Wednesday', '08:00', '12:00', 4000, NULL, 4012),
(2318, 'Thursday', '08:00', '12:00', 4000, NULL, 4012),
(2319, 'Friday', '08:00', '12:00', 4000, NULL, 4012),
(2320, 'Saturday', '08:00', '12:00', 4000, NULL, 4012),
(2321, 'Sunday', '08:00', '12:00', 4000, NULL, 4012),
(2322, 'Monday', '08:00', '12:00', 4000, NULL, 4012),
(2323, 'Tuesday', '08:00', '12:00', 4000, NULL, 4012),
(2324, 'Wednesday', '08:00', '12:00', 4000, NULL, 4012),
(2325, 'Thursday', '08:00', '12:00', 4000, NULL, 4012),
(2326, 'Friday', '08:00', '12:00', 4000, NULL, 4012),
(2327, 'Saturday', '08:00', '12:00', 4000, NULL, 4012),
(2328, 'Sunday', '08:00', '12:00', 4000, NULL, 4012),
(2329, 'Monday', '08:00', '12:00', 4000, NULL, 4012),
(2330, 'Tuesday', '08:00', '12:00', 4000, NULL, 4012),
(2331, 'Wednesday', '08:00', '12:00', 4000, NULL, 4012),
(2332, 'Thursday', '08:00', '12:00', 4000, NULL, 4012),
(2333, 'Friday', '08:00', '12:00', 4000, NULL, 4012),
(2334, 'Saturday', '08:00', '12:00', 4000, NULL, 4012),
(2335, 'Sunday', '09:00', '13:00', 4000, NULL, 4012),
(2336, 'Monday', '09:00', '13:00', 4000, NULL, 4012),
(2337, 'Tuesday', '09:00', '13:00', 4000, NULL, 4012),
(2338, 'Wednesday', '09:00', '13:00', 4000, NULL, 4012),
(2339, 'Thursday', '09:00', '13:00', 4000, NULL, 4012),
(2340, 'Friday', '09:00', '13:00', 4000, NULL, 4012),
(2341, 'Saturday', '09:00', '13:00', 4000, NULL, 4012),
(2342, 'Sunday', '10:00', '14:00', 4000, NULL, 4012),
(2343, 'Monday', '10:00', '14:00', 4000, NULL, 4012),
(2344, 'Tuesday', '10:00', '14:00', 4000, NULL, 4012),
(2345, 'Wednesday', '10:00', '14:00', 4000, NULL, 4012),
(2346, 'Thursday', '10:00', '14:00', 4000, NULL, 4012),
(2347, 'Friday', '10:00', '14:00', 4000, NULL, 4012),
(2348, 'Saturday', '10:00', '14:00', 4000, NULL, 4012),
(2349, 'Sunday', '11:00', '15:00', 4000, NULL, 4012),
(2350, 'Monday', '11:00', '15:00', 4000, NULL, 4012),
(2351, 'Tuesday', '11:00', '15:00', 4000, NULL, 4012),
(2352, 'Wednesday', '11:00', '15:00', 4000, NULL, 4012),
(2353, 'Thursday', '11:00', '15:00', 4000, NULL, 4012),
(2354, 'Friday', '11:00', '15:00', 4000, NULL, 4012),
(2355, 'Saturday', '11:00', '15:00', 4000, NULL, 4012),
(2356, 'Sunday', '10:00', '14:00', 4000, NULL, 4012),
(2357, 'Monday', '10:00', '14:00', 4000, NULL, 4012),
(2358, 'Tuesday', '10:00', '14:00', 4000, NULL, 4012),
(2359, 'Wednesday', '10:00', '14:00', 4000, NULL, 4012),
(2360, 'Thursday', '10:00', '14:00', 4000, NULL, 4012),
(2361, 'Friday', '10:00', '14:00', 4000, NULL, 4012),
(2362, 'Saturday', '10:00', '14:00', 4000, NULL, 4012),
(2363, 'Sunday', '17:30', '21:30', 4000, NULL, 4012),
(2364, 'Monday', '17:30', '21:30', 4000, NULL, 4012),
(2365, 'Tuesday', '17:30', '21:30', 4000, NULL, 4012),
(2366, 'Wednesday', '17:30', '21:30', 4000, NULL, 4012),
(2367, 'Thursday', '17:30', '21:30', 4000, NULL, 4012),
(2368, 'Friday', '17:30', '21:30', 4000, NULL, 4012),
(2369, 'Saturday', '17:30', '21:30', 4000, NULL, 4012),
(2370, 'Sunday', '12:00', '16:00', 4000, NULL, 4012),
(2371, 'Monday', '12:00', '16:00', 4000, NULL, 4012),
(2372, 'Tuesday', '12:00', '16:00', 4000, NULL, 4012),
(2373, 'Wednesday', '12:00', '16:00', 4000, NULL, 4012),
(2374, 'Thursday', '12:00', '16:00', 4000, NULL, 4012),
(2375, 'Friday', '12:00', '16:00', 4000, NULL, 4012),
(2376, 'Saturday', '12:00', '16:00', 4000, NULL, 4012),
(2377, 'Sunday', '12:00', '16:00', 4000, NULL, 4012),
(2378, 'Monday', '12:00', '16:00', 4000, NULL, 4012),
(2379, 'Tuesday', '12:00', '16:00', 4000, NULL, 4012),
(2380, 'Wednesday', '12:00', '16:00', 4000, NULL, 4012),
(2381, 'Thursday', '12:00', '16:00', 4000, NULL, 4012),
(2382, 'Friday', '12:00', '16:00', 4000, NULL, 4012),
(2383, 'Saturday', '12:00', '16:00', 4000, NULL, 4012),
(2384, 'Sunday', '12:00', '20:00', 4000, NULL, 4012),
(2385, 'Monday', '12:00', '20:00', 4000, NULL, 4012),
(2386, 'Tuesday', '12:00', '20:00', 4000, NULL, 4012),
(2387, 'Wednesday', '12:00', '20:00', 4000, NULL, 4012),
(2388, 'Thursday', '12:00', '20:00', 4000, NULL, 4012),
(2389, 'Friday', '12:00', '20:00', 4000, NULL, 4012),
(2390, 'Saturday', '12:00', '20:00', 4000, NULL, 4012),
(2391, 'Sunday', '16:00', '20:00', 4000, NULL, 4012),
(2392, 'Monday', '16:00', '20:00', 4000, NULL, 4012),
(2393, 'Tuesday', '16:00', '20:00', 4000, NULL, 4012),
(2394, 'Wednesday', '16:00', '20:00', 4000, NULL, 4012),
(2395, 'Thursday', '16:00', '20:00', 4000, NULL, 4012),
(2396, 'Friday', '16:00', '20:00', 4000, NULL, 4012),
(2397, 'Saturday', '16:00', '20:00', 4000, NULL, 4012),
(2398, 'Sunday', '17:30', '21:30', 4000, NULL, 4012),
(2399, 'Monday', '17:30', '21:30', 4000, NULL, 4012),
(2400, 'Tuesday', '17:30', '21:30', 4000, NULL, 4012),
(2401, 'Wednesday', '17:30', '21:30', 4000, NULL, 4012),
(2402, 'Thursday', '17:30', '21:30', 4000, NULL, 4012),
(2403, 'Friday', '17:30', '21:30', 4000, NULL, 4012),
(2404, 'Saturday', '17:30', '21:30', 4000, NULL, 4012),
(2405, 'Sunday', '17:30', '21:30', 4000, NULL, 4012),
(2406, 'Monday', '17:30', '21:30', 4000, NULL, 4012),
(2407, 'Tuesday', '17:30', '21:30', 4000, NULL, 4012),
(2408, 'Wednesday', '17:30', '21:30', 4000, NULL, 4012),
(2409, 'Thursday', '17:30', '21:30', 4000, NULL, 4012),
(2410, 'Friday', '17:30', '21:30', 4000, NULL, 4012),
(2411, 'Saturday', '17:30', '21:30', 4000, NULL, 4012),
(2412, 'Sunday', '17:30', '21:30', 4000, NULL, 4012),
(2413, 'Monday', '17:30', '21:30', 4000, NULL, 4012),
(2414, 'Tuesday', '17:30', '21:30', 4000, NULL, 4012),
(2415, 'Wednesday', '17:30', '21:30', 4000, NULL, 4012),
(2416, 'Thursday', '17:30', '21:30', 4000, NULL, 4012),
(2417, 'Friday', '17:30', '21:30', 4000, NULL, 4012),
(2418, 'Saturday', '17:30', '21:30', 4000, NULL, 4012),
(2419, 'Sunday', '10:30', '14:30', 4000, NULL, 4012),
(2420, 'Monday', '10:30', '14:30', 4000, NULL, 4012),
(2421, 'Tuesday', '10:30', '14:30', 4000, NULL, 4012),
(2422, 'Wednesday', '10:30', '14:30', 4000, NULL, 4012),
(2423, 'Thursday', '10:30', '14:30', 4000, NULL, 4012),
(2424, 'Friday', '10:30', '14:30', 4000, NULL, 4012),
(2425, 'Saturday', '10:30', '14:30', 4000, NULL, 4012),
(2426, 'Sunday', '11:00', '15:00', 4000, NULL, 4012),
(2427, 'Monday', '11:00', '15:00', 4000, NULL, 4012),
(2428, 'Tuesday', '11:00', '15:00', 4000, NULL, 4012),
(2429, 'Wednesday', '11:00', '15:00', 4000, NULL, 4012),
(2430, 'Thursday', '11:00', '15:00', 4000, NULL, 4012),
(2431, 'Friday', '11:00', '15:00', 4000, NULL, 4012),
(2432, 'Saturday', '11:00', '15:00', 4000, NULL, 4012),
(2433, 'Sunday', '14:00', '18:00', 4000, NULL, 4012),
(2434, 'Monday', '14:00', '18:00', 4000, NULL, 4012),
(2435, 'Tuesday', '14:00', '18:00', 4000, NULL, 4012),
(2436, 'Wednesday', '14:00', '18:00', 4000, NULL, 4012),
(2437, 'Thursday', '14:00', '18:00', 4000, NULL, 4012),
(2438, 'Friday', '14:00', '18:00', 4000, NULL, 4012),
(2439, 'Saturday', '14:00', '18:00', 4000, NULL, 4012),
(2440, 'Sunday', '14:00', '18:00', 4000, NULL, 4012),
(2441, 'Monday', '14:00', '18:00', 4000, NULL, 4012),
(2442, 'Tuesday', '14:00', '18:00', 4000, NULL, 4012),
(2443, 'Wednesday', '14:00', '18:00', 4000, NULL, 4012),
(2444, 'Thursday', '14:00', '18:00', 4000, NULL, 4012),
(2445, 'Friday', '14:00', '18:00', 4000, NULL, 4012),
(2446, 'Saturday', '14:00', '18:00', 4000, NULL, 4012),
(2447, 'Sunday', '17:30', '21:30', 4000, NULL, 4012),
(2448, 'Monday', '17:30', '21:30', 4000, NULL, 4012),
(2449, 'Tuesday', '17:30', '21:30', 4000, NULL, 4012),
(2450, 'Wednesday', '17:30', '21:30', 4000, NULL, 4012),
(2451, 'Thursday', '17:30', '21:30', 4000, NULL, 4012),
(2452, 'Friday', '17:30', '21:30', 4000, NULL, 4012),
(2453, 'Saturday', '17:30', '21:30', 4000, NULL, 4012),
(2454, 'Sunday', '17:30', '21:30', 4000, NULL, 4012),
(2455, 'Monday', '17:30', '21:30', 4000, NULL, 4012),
(2456, 'Tuesday', '17:30', '21:30', 4000, NULL, 4012),
(2457, 'Wednesday', '17:30', '21:30', 4000, NULL, 4012),
(2458, 'Thursday', '17:30', '21:30', 4000, NULL, 4012),
(2459, 'Friday', '17:30', '21:30', 4000, NULL, 4012),
(2460, 'Saturday', '17:30', '21:30', 4000, NULL, 4012),
(2461, 'Sunday', '17:30', '21:30', 4000, NULL, 4012),
(2462, 'Monday', '17:30', '21:30', 4000, NULL, 4012),
(2463, 'Tuesday', '17:30', '21:30', 4000, NULL, 4012),
(2464, 'Wednesday', '17:30', '21:30', 4000, NULL, 4012),
(2465, 'Thursday', '17:30', '21:30', 4000, NULL, 4012),
(2466, 'Friday', '17:30', '21:30', 4000, NULL, 4012),
(2467, 'Saturday', '17:30', '21:30', 4000, NULL, 4012),
(2468, 'Sunday', '08:00', '12:00', 1000, NULL, 1012),
(2469, 'Monday', '08:00', '12:00', 1000, NULL, 1012),
(2470, 'Tuesday', '08:00', '12:00', 1000, NULL, 1012),
(2471, 'Wednesday', '08:00', '12:00', 1000, NULL, 1012),
(2472, 'Thursday', '08:00', '12:00', 1000, NULL, 1012),
(2473, 'Friday', '08:00', '12:00', 1000, NULL, 1012),
(2474, 'Saturday', '08:00', '12:00', 1000, NULL, 1012),
(2475, 'Sunday', '10:00', '14:00', 1000, NULL, 1012),
(2476, 'Monday', '10:00', '14:00', 1000, NULL, 1012),
(2477, 'Tuesday', '10:00', '14:00', 1000, NULL, 1012),
(2478, 'Wednesday', '10:00', '14:00', 1000, NULL, 1012),
(2479, 'Thursday', '10:00', '14:00', 1000, NULL, 1012),
(2480, 'Friday', '10:00', '14:00', 1000, NULL, 1012),
(2481, 'Saturday', '10:00', '14:00', 1000, NULL, 1012),
(2482, 'Sunday', '10:00', '14:00', 1000, NULL, 1012),
(2483, 'Monday', '10:00', '14:00', 1000, NULL, 1012),
(2484, 'Tuesday', '10:00', '14:00', 1000, NULL, 1012),
(2485, 'Wednesday', '10:00', '14:00', 1000, NULL, 1012),
(2486, 'Thursday', '10:00', '14:00', 1000, NULL, 1012),
(2487, 'Friday', '10:00', '14:00', 1000, NULL, 1012),
(2488, 'Saturday', '10:00', '14:00', 1000, NULL, 1012),
(2489, 'Sunday', '10:00', '16:00', 1000, NULL, 1012),
(2490, 'Monday', '10:00', '16:00', 1000, NULL, 1012),
(2491, 'Tuesday', '10:00', '16:00', 1000, NULL, 1012),
(2492, 'Wednesday', '10:00', '16:00', 1000, NULL, 1012),
(2493, 'Thursday', '10:00', '16:00', 1000, NULL, 1012),
(2494, 'Friday', '10:00', '16:00', 1000, NULL, 1012),
(2495, 'Saturday', '10:00', '16:00', 1000, NULL, 1012),
(2496, 'Sunday', '10:00', '16:00', 1000, NULL, 1012),
(2497, 'Monday', '10:00', '16:00', 1000, NULL, 1012),
(2498, 'Tuesday', '10:00', '16:00', 1000, NULL, 1012),
(2499, 'Wednesday', '10:00', '16:00', 1000, NULL, 1012),
(2500, 'Thursday', '10:00', '16:00', 1000, NULL, 1012),
(2501, 'Friday', '10:00', '16:00', 1000, NULL, 1012),
(2502, 'Saturday', '10:00', '16:00', 1000, NULL, 1012),
(2503, 'Sunday', '12:00', '16:00', 1000, NULL, 1012),
(2504, 'Monday', '12:00', '16:00', 1000, NULL, 1012),
(2505, 'Tuesday', '12:00', '16:00', 1000, NULL, 1012),
(2506, 'Wednesday', '12:00', '16:00', 1000, NULL, 1012),
(2507, 'Thursday', '12:00', '16:00', 1000, NULL, 1012),
(2508, 'Friday', '12:00', '16:00', 1000, NULL, 1012),
(2509, 'Saturday', '12:00', '16:00', 1000, NULL, 1012),
(2510, 'Sunday', '12:00', '16:00', 1000, NULL, 1012),
(2511, 'Monday', '12:00', '16:00', 1000, NULL, 1012),
(2512, 'Tuesday', '12:00', '16:00', 1000, NULL, 1012),
(2513, 'Wednesday', '12:00', '16:00', 1000, NULL, 1012),
(2514, 'Thursday', '12:00', '16:00', 1000, NULL, 1012),
(2515, 'Friday', '12:00', '16:00', 1000, NULL, 1012),
(2516, 'Saturday', '12:00', '16:00', 1000, NULL, 1012),
(2517, 'Sunday', '12:00', '18:00', 1000, NULL, 1012),
(2518, 'Monday', '12:00', '18:00', 1000, NULL, 1012),
(2519, 'Tuesday', '12:00', '18:00', 1000, NULL, 1012),
(2520, 'Wednesday', '12:00', '18:00', 1000, NULL, 1012),
(2521, 'Thursday', '12:00', '18:00', 1000, NULL, 1012),
(2522, 'Friday', '12:00', '18:00', 1000, NULL, 1012),
(2523, 'Saturday', '12:00', '18:00', 1000, NULL, 1012),
(2524, 'Sunday', '12:00', '18:00', 1000, NULL, 1012),
(2525, 'Monday', '12:00', '18:00', 1000, NULL, 1012),
(2526, 'Tuesday', '12:00', '18:00', 1000, NULL, 1012),
(2527, 'Wednesday', '12:00', '18:00', 1000, NULL, 1012),
(2528, 'Thursday', '12:00', '18:00', 1000, NULL, 1012),
(2529, 'Friday', '12:00', '18:00', 1000, NULL, 1012),
(2530, 'Saturday', '12:00', '18:00', 1000, NULL, 1012),
(2531, 'Sunday', '12:00', '18:00', 1000, NULL, 1012),
(2532, 'Monday', '12:00', '18:00', 1000, NULL, 1012),
(2533, 'Tuesday', '12:00', '18:00', 1000, NULL, 1012),
(2534, 'Wednesday', '12:00', '18:00', 1000, NULL, 1012),
(2535, 'Thursday', '12:00', '18:00', 1000, NULL, 1012),
(2536, 'Friday', '12:00', '18:00', 1000, NULL, 1012),
(2537, 'Saturday', '12:00', '18:00', 1000, NULL, 1012),
(2538, 'Sunday', '12:00', '18:00', 1000, NULL, 1012),
(2539, 'Monday', '12:00', '18:00', 1000, NULL, 1012),
(2540, 'Tuesday', '12:00', '18:00', 1000, NULL, 1012),
(2541, 'Wednesday', '12:00', '18:00', 1000, NULL, 1012),
(2542, 'Thursday', '12:00', '18:00', 1000, NULL, 1012),
(2543, 'Friday', '12:00', '18:00', 1000, NULL, 1012),
(2544, 'Saturday', '12:00', '18:00', 1000, NULL, 1012),
(2545, 'Sunday', '12:00', '20:00', 1000, NULL, 1012),
(2546, 'Monday', '12:00', '20:00', 1000, NULL, 1012),
(2547, 'Tuesday', '12:00', '20:00', 1000, NULL, 1012),
(2548, 'Wednesday', '12:00', '20:00', 1000, NULL, 1012),
(2549, 'Thursday', '12:00', '20:00', 1000, NULL, 1012),
(2550, 'Friday', '12:00', '20:00', 1000, NULL, 1012),
(2551, 'Saturday', '12:00', '20:00', 1000, NULL, 1012),
(2552, 'Sunday', '14:00', '21:30', 1000, NULL, 1012),
(2553, 'Monday', '14:00', '21:30', 1000, NULL, 1012),
(2554, 'Tuesday', '14:00', '21:30', 1000, NULL, 1012),
(2555, 'Wednesday', '14:00', '21:30', 1000, NULL, 1012),
(2556, 'Thursday', '14:00', '21:30', 1000, NULL, 1012),
(2557, 'Friday', '14:00', '21:30', 1000, NULL, 1012),
(2558, 'Saturday', '14:00', '21:30', 1000, NULL, 1012),
(2559, 'Sunday', '14:00', '21:30', 1000, NULL, 1012),
(2560, 'Monday', '14:00', '21:30', 1000, NULL, 1012),
(2561, 'Tuesday', '14:00', '21:30', 1000, NULL, 1012),
(2562, 'Wednesday', '14:00', '21:30', 1000, NULL, 1012),
(2563, 'Thursday', '14:00', '21:30', 1000, NULL, 1012),
(2564, 'Friday', '14:00', '21:30', 1000, NULL, 1012),
(2565, 'Saturday', '14:00', '21:30', 1000, NULL, 1012),
(2566, 'Sunday', '14:00', '21:30', 1000, NULL, 1012),
(2567, 'Monday', '14:00', '21:30', 1000, NULL, 1012),
(2568, 'Tuesday', '14:00', '21:30', 1000, NULL, 1012),
(2569, 'Wednesday', '14:00', '21:30', 1000, NULL, 1012),
(2570, 'Thursday', '14:00', '21:30', 1000, NULL, 1012),
(2571, 'Friday', '14:00', '21:30', 1000, NULL, 1012),
(2572, 'Saturday', '14:00', '21:30', 1000, NULL, 1012),
(2573, 'Sunday', '14:00', '21:30', 1000, NULL, 1012),
(2574, 'Monday', '14:00', '21:30', 1000, NULL, 1012),
(2575, 'Tuesday', '14:00', '21:30', 1000, NULL, 1012),
(2576, 'Wednesday', '14:00', '21:30', 1000, NULL, 1012),
(2577, 'Thursday', '14:00', '21:30', 1000, NULL, 1012),
(2578, 'Friday', '14:00', '21:30', 1000, NULL, 1012),
(2579, 'Saturday', '14:00', '21:30', 1000, NULL, 1012),
(2580, 'Sunday', '17:30', '21:30', 1000, NULL, 1012),
(2581, 'Monday', '17:30', '21:30', 1000, NULL, 1012),
(2582, 'Tuesday', '17:30', '21:30', 1000, NULL, 1012),
(2583, 'Wednesday', '17:30', '21:30', 1000, NULL, 1012),
(2584, 'Thursday', '17:30', '21:30', 1000, NULL, 1012),
(2585, 'Friday', '17:30', '21:30', 1000, NULL, 1012),
(2586, 'Saturday', '17:30', '21:30', 1000, NULL, 1012),
(2587, 'Sunday', '17:30', '21:30', 1000, NULL, 1012),
(2588, 'Monday', '17:30', '21:30', 1000, NULL, 1012),
(2589, 'Tuesday', '17:30', '21:30', 1000, NULL, 1012),
(2590, 'Wednesday', '17:30', '21:30', 1000, NULL, 1012),
(2591, 'Thursday', '17:30', '21:30', 1000, NULL, 1012),
(2592, 'Friday', '17:30', '21:30', 1000, NULL, 1012),
(2593, 'Saturday', '17:30', '21:30', 1000, NULL, 1012),
(2594, 'Sunday', '17:30', '21:30', 1000, NULL, 1012),
(2595, 'Monday', '17:30', '21:30', 1000, NULL, 1012),
(2596, 'Tuesday', '17:30', '21:30', 1000, NULL, 1012),
(2597, 'Wednesday', '17:30', '21:30', 1000, NULL, 1012),
(2598, 'Thursday', '17:30', '21:30', 1000, NULL, 1012),
(2599, 'Friday', '17:30', '21:30', 1000, NULL, 1012),
(2600, 'Saturday', '17:30', '21:30', 1000, NULL, 1012),
(2601, 'Sunday', '17:30', '21:30', 1000, NULL, 1012),
(2602, 'Monday', '17:30', '21:30', 1000, NULL, 1012),
(2603, 'Tuesday', '17:30', '21:30', 1000, NULL, 1012),
(2604, 'Wednesday', '17:30', '21:30', 1000, NULL, 1012),
(2605, 'Thursday', '17:30', '21:30', 1000, NULL, 1012),
(2606, 'Friday', '17:30', '21:30', 1000, NULL, 1012),
(2607, 'Saturday', '17:30', '21:30', 1000, NULL, 1012),
(2608, 'Sunday', '17:30', '21:30', 1000, NULL, 1012),
(2609, 'Monday', '17:30', '21:30', 1000, NULL, 1012),
(2610, 'Tuesday', '17:30', '21:30', 1000, NULL, 1012),
(2611, 'Wednesday', '17:30', '21:30', 1000, NULL, 1012),
(2612, 'Thursday', '17:30', '21:30', 1000, NULL, 1012),
(2613, 'Friday', '17:30', '21:30', 1000, NULL, 1012),
(2614, 'Saturday', '17:30', '21:30', 1000, NULL, 1012),
(2615, 'Sunday', '17:30', '21:30', 1000, NULL, 1012),
(2616, 'Monday', '17:30', '21:30', 1000, NULL, 1012),
(2617, 'Tuesday', '17:30', '21:30', 1000, NULL, 1012),
(2618, 'Wednesday', '17:30', '21:30', 1000, NULL, 1012),
(2619, 'Thursday', '17:30', '21:30', 1000, NULL, 1012),
(2620, 'Friday', '17:30', '21:30', 1000, NULL, 1012),
(2621, 'Saturday', '17:30', '21:30', 1000, NULL, 1012),
(2622, 'Sunday', '17:30', '21:30', 1000, NULL, 1012),
(2623, 'Monday', '17:30', '21:30', 1000, NULL, 1012),
(2624, 'Tuesday', '17:30', '21:30', 1000, NULL, 1012),
(2625, 'Wednesday', '17:30', '21:30', 1000, NULL, 1012),
(2626, 'Thursday', '17:30', '21:30', 1000, NULL, 1012),
(2627, 'Friday', '17:30', '21:30', 1000, NULL, 1012),
(2628, 'Saturday', '17:30', '21:30', 1000, NULL, 1012),
(2629, 'Sunday', '17:30', '21:30', 1000, NULL, 1012),
(2630, 'Monday', '17:30', '21:30', 1000, NULL, 1012),
(2631, 'Tuesday', '17:30', '21:30', 1000, NULL, 1012),
(2632, 'Wednesday', '17:30', '21:30', 1000, NULL, 1012),
(2633, 'Thursday', '17:30', '21:30', 1000, NULL, 1012),
(2634, 'Friday', '17:30', '21:30', 1000, NULL, 1012);
INSERT INTO `schedule` (`schid`, `day`, `starttime`, `endtime`, `cid`, `sid`, `scid`) VALUES
(2635, 'Saturday', '17:30', '21:30', 1000, NULL, 1012),
(2636, 'Sunday', '17:30', '21:30', 1000, NULL, 1012),
(2637, 'Monday', '17:30', '21:30', 1000, NULL, 1012),
(2638, 'Tuesday', '17:30', '21:30', 1000, NULL, 1012),
(2639, 'Wednesday', '17:30', '21:30', 1000, NULL, 1012),
(2640, 'Thursday', '17:30', '21:30', 1000, NULL, 1012),
(2641, 'Friday', '17:30', '21:30', 1000, NULL, 1012),
(2642, 'Saturday', '17:30', '21:30', 1000, NULL, 1012),
(2643, 'Sunday', '08:00', '12:00', 1000, NULL, 1013),
(2644, 'Monday', '08:00', '12:00', 1000, NULL, 1013),
(2645, 'Tuesday', '08:00', '12:00', 1000, NULL, 1013),
(2646, 'Wednesday', '08:00', '12:00', 1000, NULL, 1013),
(2647, 'Thursday', '08:00', '12:00', 1000, NULL, 1013),
(2648, 'Friday', '08:00', '12:00', 1000, NULL, 1013),
(2649, 'Saturday', '08:00', '12:00', 1000, NULL, 1013),
(2650, 'Sunday', '10:00', '14:00', 1000, NULL, 1013),
(2651, 'Monday', '10:00', '14:00', 1000, NULL, 1013),
(2652, 'Tuesday', '10:00', '14:00', 1000, NULL, 1013),
(2653, 'Wednesday', '10:00', '14:00', 1000, NULL, 1013),
(2654, 'Thursday', '10:00', '14:00', 1000, NULL, 1013),
(2655, 'Friday', '10:00', '14:00', 1000, NULL, 1013),
(2656, 'Saturday', '10:00', '14:00', 1000, NULL, 1013),
(2657, 'Sunday', '10:00', '14:00', 1000, NULL, 1013),
(2658, 'Monday', '10:00', '14:00', 1000, NULL, 1013),
(2659, 'Tuesday', '10:00', '14:00', 1000, NULL, 1013),
(2660, 'Wednesday', '10:00', '14:00', 1000, NULL, 1013),
(2661, 'Thursday', '10:00', '14:00', 1000, NULL, 1013),
(2662, 'Friday', '10:00', '14:00', 1000, NULL, 1013),
(2663, 'Saturday', '10:00', '14:00', 1000, NULL, 1013),
(2664, 'Sunday', '10:00', '16:00', 1000, NULL, 1013),
(2665, 'Monday', '10:00', '16:00', 1000, NULL, 1013),
(2666, 'Tuesday', '10:00', '16:00', 1000, NULL, 1013),
(2667, 'Wednesday', '10:00', '16:00', 1000, NULL, 1013),
(2668, 'Thursday', '10:00', '16:00', 1000, NULL, 1013),
(2669, 'Friday', '10:00', '16:00', 1000, NULL, 1013),
(2670, 'Saturday', '10:00', '16:00', 1000, NULL, 1013),
(2671, 'Sunday', '10:00', '16:00', 1000, NULL, 1013),
(2672, 'Monday', '10:00', '16:00', 1000, NULL, 1013),
(2673, 'Tuesday', '10:00', '16:00', 1000, NULL, 1013),
(2674, 'Wednesday', '10:00', '16:00', 1000, NULL, 1013),
(2675, 'Thursday', '10:00', '16:00', 1000, NULL, 1013),
(2676, 'Friday', '10:00', '16:00', 1000, NULL, 1013),
(2677, 'Saturday', '10:00', '16:00', 1000, NULL, 1013),
(2678, 'Sunday', '12:00', '16:00', 1000, NULL, 1013),
(2679, 'Monday', '12:00', '16:00', 1000, NULL, 1013),
(2680, 'Tuesday', '12:00', '16:00', 1000, NULL, 1013),
(2681, 'Wednesday', '12:00', '16:00', 1000, NULL, 1013),
(2682, 'Thursday', '12:00', '16:00', 1000, NULL, 1013),
(2683, 'Friday', '12:00', '16:00', 1000, NULL, 1013),
(2684, 'Saturday', '12:00', '16:00', 1000, NULL, 1013),
(2685, 'Sunday', '12:00', '16:00', 1000, NULL, 1013),
(2686, 'Monday', '12:00', '16:00', 1000, NULL, 1013),
(2687, 'Tuesday', '12:00', '16:00', 1000, NULL, 1013),
(2688, 'Wednesday', '12:00', '16:00', 1000, NULL, 1013),
(2689, 'Thursday', '12:00', '16:00', 1000, NULL, 1013),
(2690, 'Friday', '12:00', '16:00', 1000, NULL, 1013),
(2691, 'Saturday', '12:00', '16:00', 1000, NULL, 1013),
(2692, 'Sunday', '12:00', '18:00', 1000, NULL, 1013),
(2693, 'Monday', '12:00', '18:00', 1000, NULL, 1013),
(2694, 'Tuesday', '12:00', '18:00', 1000, NULL, 1013),
(2695, 'Wednesday', '12:00', '18:00', 1000, NULL, 1013),
(2696, 'Thursday', '12:00', '18:00', 1000, NULL, 1013),
(2697, 'Friday', '12:00', '18:00', 1000, NULL, 1013),
(2698, 'Saturday', '12:00', '18:00', 1000, NULL, 1013),
(2699, 'Sunday', '12:00', '18:00', 1000, NULL, 1013),
(2700, 'Monday', '12:00', '18:00', 1000, NULL, 1013),
(2701, 'Tuesday', '12:00', '18:00', 1000, NULL, 1013),
(2702, 'Wednesday', '12:00', '18:00', 1000, NULL, 1013),
(2703, 'Thursday', '12:00', '18:00', 1000, NULL, 1013),
(2704, 'Friday', '12:00', '18:00', 1000, NULL, 1013),
(2705, 'Saturday', '12:00', '18:00', 1000, NULL, 1013),
(2706, 'Sunday', '12:00', '18:00', 1000, NULL, 1013),
(2707, 'Monday', '12:00', '18:00', 1000, NULL, 1013),
(2708, 'Tuesday', '12:00', '18:00', 1000, NULL, 1013),
(2709, 'Wednesday', '12:00', '18:00', 1000, NULL, 1013),
(2710, 'Thursday', '12:00', '18:00', 1000, NULL, 1013),
(2711, 'Friday', '12:00', '18:00', 1000, NULL, 1013),
(2712, 'Saturday', '12:00', '18:00', 1000, NULL, 1013),
(2713, 'Sunday', '12:00', '18:00', 1000, NULL, 1013),
(2714, 'Monday', '12:00', '18:00', 1000, NULL, 1013),
(2715, 'Tuesday', '12:00', '18:00', 1000, NULL, 1013),
(2716, 'Wednesday', '12:00', '18:00', 1000, NULL, 1013),
(2717, 'Thursday', '12:00', '18:00', 1000, NULL, 1013),
(2718, 'Friday', '12:00', '18:00', 1000, NULL, 1013),
(2719, 'Saturday', '12:00', '18:00', 1000, NULL, 1013),
(2720, 'Sunday', '12:00', '20:00', 1000, NULL, 1013),
(2721, 'Monday', '12:00', '20:00', 1000, NULL, 1013),
(2722, 'Tuesday', '12:00', '20:00', 1000, NULL, 1013),
(2723, 'Wednesday', '12:00', '20:00', 1000, NULL, 1013),
(2724, 'Thursday', '12:00', '20:00', 1000, NULL, 1013),
(2725, 'Friday', '12:00', '20:00', 1000, NULL, 1013),
(2726, 'Saturday', '12:00', '20:00', 1000, NULL, 1013),
(2727, 'Sunday', '14:00', '21:30', 1000, NULL, 1013),
(2728, 'Monday', '14:00', '21:30', 1000, NULL, 1013),
(2729, 'Tuesday', '14:00', '21:30', 1000, NULL, 1013),
(2730, 'Wednesday', '14:00', '21:30', 1000, NULL, 1013),
(2731, 'Thursday', '14:00', '21:30', 1000, NULL, 1013),
(2732, 'Friday', '14:00', '21:30', 1000, NULL, 1013),
(2733, 'Saturday', '14:00', '21:30', 1000, NULL, 1013),
(2734, 'Sunday', '14:00', '21:30', 1000, NULL, 1013),
(2735, 'Monday', '14:00', '21:30', 1000, NULL, 1013),
(2736, 'Tuesday', '14:00', '21:30', 1000, NULL, 1013),
(2737, 'Wednesday', '14:00', '21:30', 1000, NULL, 1013),
(2738, 'Thursday', '14:00', '21:30', 1000, NULL, 1013),
(2739, 'Friday', '14:00', '21:30', 1000, NULL, 1013),
(2740, 'Saturday', '14:00', '21:30', 1000, NULL, 1013),
(2741, 'Sunday', '14:00', '21:30', 1000, NULL, 1013),
(2742, 'Monday', '14:00', '21:30', 1000, NULL, 1013),
(2743, 'Tuesday', '14:00', '21:30', 1000, NULL, 1013),
(2744, 'Wednesday', '14:00', '21:30', 1000, NULL, 1013),
(2745, 'Thursday', '14:00', '21:30', 1000, NULL, 1013),
(2746, 'Friday', '14:00', '21:30', 1000, NULL, 1013),
(2747, 'Saturday', '14:00', '21:30', 1000, NULL, 1013),
(2748, 'Sunday', '14:00', '21:30', 1000, NULL, 1013),
(2749, 'Monday', '14:00', '21:30', 1000, NULL, 1013),
(2750, 'Tuesday', '14:00', '21:30', 1000, NULL, 1013),
(2751, 'Wednesday', '14:00', '21:30', 1000, NULL, 1013),
(2752, 'Thursday', '14:00', '21:30', 1000, NULL, 1013),
(2753, 'Friday', '14:00', '21:30', 1000, NULL, 1013),
(2754, 'Saturday', '14:00', '21:30', 1000, NULL, 1013),
(2755, 'Sunday', '17:30', '21:30', 1000, NULL, 1013),
(2756, 'Monday', '17:30', '21:30', 1000, NULL, 1013),
(2757, 'Tuesday', '17:30', '21:30', 1000, NULL, 1013),
(2758, 'Wednesday', '17:30', '21:30', 1000, NULL, 1013),
(2759, 'Thursday', '17:30', '21:30', 1000, NULL, 1013),
(2760, 'Friday', '17:30', '21:30', 1000, NULL, 1013),
(2761, 'Saturday', '17:30', '21:30', 1000, NULL, 1013),
(2762, 'Sunday', '17:30', '21:30', 1000, NULL, 1013),
(2763, 'Monday', '17:30', '21:30', 1000, NULL, 1013),
(2764, 'Tuesday', '17:30', '21:30', 1000, NULL, 1013),
(2765, 'Wednesday', '17:30', '21:30', 1000, NULL, 1013),
(2766, 'Thursday', '17:30', '21:30', 1000, NULL, 1013),
(2767, 'Friday', '17:30', '21:30', 1000, NULL, 1013),
(2768, 'Saturday', '17:30', '21:30', 1000, NULL, 1013),
(2769, 'Sunday', '17:30', '21:30', 1000, NULL, 1013),
(2770, 'Monday', '17:30', '21:30', 1000, NULL, 1013),
(2771, 'Tuesday', '17:30', '21:30', 1000, NULL, 1013),
(2772, 'Wednesday', '17:30', '21:30', 1000, NULL, 1013),
(2773, 'Thursday', '17:30', '21:30', 1000, NULL, 1013),
(2774, 'Friday', '17:30', '21:30', 1000, NULL, 1013),
(2775, 'Saturday', '17:30', '21:30', 1000, NULL, 1013),
(2776, 'Sunday', '17:30', '21:30', 1000, NULL, 1013),
(2777, 'Monday', '17:30', '21:30', 1000, NULL, 1013),
(2778, 'Tuesday', '17:30', '21:30', 1000, NULL, 1013),
(2779, 'Wednesday', '17:30', '21:30', 1000, NULL, 1013),
(2780, 'Thursday', '17:30', '21:30', 1000, NULL, 1013),
(2781, 'Friday', '17:30', '21:30', 1000, NULL, 1013),
(2782, 'Saturday', '17:30', '21:30', 1000, NULL, 1013),
(2783, 'Sunday', '17:30', '21:30', 1000, NULL, 1013),
(2784, 'Monday', '17:30', '21:30', 1000, NULL, 1013),
(2785, 'Tuesday', '17:30', '21:30', 1000, NULL, 1013),
(2786, 'Wednesday', '17:30', '21:30', 1000, NULL, 1013),
(2787, 'Thursday', '17:30', '21:30', 1000, NULL, 1013),
(2788, 'Friday', '17:30', '21:30', 1000, NULL, 1013),
(2789, 'Saturday', '17:30', '21:30', 1000, NULL, 1013),
(2790, 'Sunday', '17:30', '21:30', 1000, NULL, 1013),
(2791, 'Monday', '17:30', '21:30', 1000, NULL, 1013),
(2792, 'Tuesday', '17:30', '21:30', 1000, NULL, 1013),
(2793, 'Wednesday', '17:30', '21:30', 1000, NULL, 1013),
(2794, 'Thursday', '17:30', '21:30', 1000, NULL, 1013),
(2795, 'Friday', '17:30', '21:30', 1000, NULL, 1013),
(2796, 'Saturday', '17:30', '21:30', 1000, NULL, 1013),
(2797, 'Sunday', '17:30', '21:30', 1000, NULL, 1013),
(2798, 'Monday', '17:30', '21:30', 1000, NULL, 1013),
(2799, 'Tuesday', '17:30', '21:30', 1000, NULL, 1013),
(2800, 'Wednesday', '17:30', '21:30', 1000, NULL, 1013),
(2801, 'Thursday', '17:30', '21:30', 1000, NULL, 1013),
(2802, 'Friday', '17:30', '21:30', 1000, NULL, 1013),
(2803, 'Saturday', '17:30', '21:30', 1000, NULL, 1013),
(2804, 'Sunday', '17:30', '21:30', 1000, NULL, 1013),
(2805, 'Monday', '17:30', '21:30', 1000, NULL, 1013),
(2806, 'Tuesday', '17:30', '21:30', 1000, NULL, 1013),
(2807, 'Wednesday', '17:30', '21:30', 1000, NULL, 1013),
(2808, 'Thursday', '17:30', '21:30', 1000, NULL, 1013),
(2809, 'Friday', '17:30', '21:30', 1000, NULL, 1013),
(2810, 'Saturday', '17:30', '21:30', 1000, NULL, 1013),
(2811, 'Sunday', '17:30', '21:30', 1000, NULL, 1013),
(2812, 'Monday', '17:30', '21:30', 1000, NULL, 1013),
(2813, 'Tuesday', '17:30', '21:30', 1000, NULL, 1013),
(2814, 'Wednesday', '17:30', '21:30', 1000, NULL, 1013),
(2815, 'Thursday', '17:30', '21:30', 1000, NULL, 1013),
(2816, 'Friday', '17:30', '21:30', 1000, NULL, 1013),
(2817, 'Saturday', '17:30', '21:30', 1000, NULL, 1013),
(2818, 'Sunday', '07:00', '14:30', 2000, NULL, 2012),
(2819, 'Monday', '07:00', '14:30', 2000, NULL, 2012),
(2820, 'Tuesday', '07:00', '14:30', 2000, NULL, 2012),
(2821, 'Wednesday', '07:00', '14:30', 2000, NULL, 2012),
(2822, 'Thursday', '07:00', '14:30', 2000, NULL, 2012),
(2823, 'Friday', '07:00', '14:30', 2000, NULL, 2012),
(2824, 'Saturday', '07:00', '14:30', 2000, NULL, 2012),
(2825, 'Sunday', '07:00', '10:30', 2000, NULL, 2012),
(2826, 'Monday', '07:00', '10:30', 2000, NULL, 2012),
(2827, 'Tuesday', '07:00', '10:30', 2000, NULL, 2012),
(2828, 'Wednesday', '07:00', '10:30', 2000, NULL, 2012),
(2829, 'Thursday', '07:00', '10:30', 2000, NULL, 2012),
(2830, 'Friday', '07:00', '10:30', 2000, NULL, 2012),
(2831, 'Saturday', '07:00', '10:30', 2000, NULL, 2012),
(2832, 'Sunday', '08:00', '12:00', 2000, NULL, 2012),
(2833, 'Monday', '08:00', '12:00', 2000, NULL, 2012),
(2834, 'Tuesday', '08:00', '12:00', 2000, NULL, 2012),
(2835, 'Wednesday', '08:00', '12:00', 2000, NULL, 2012),
(2836, 'Thursday', '08:00', '12:00', 2000, NULL, 2012),
(2837, 'Friday', '08:00', '12:00', 2000, NULL, 2012),
(2838, 'Saturday', '08:00', '12:00', 2000, NULL, 2012),
(2839, 'Sunday', '08:00', '12:00', 2000, NULL, 2012),
(2840, 'Monday', '08:00', '12:00', 2000, NULL, 2012),
(2841, 'Tuesday', '08:00', '12:00', 2000, NULL, 2012),
(2842, 'Wednesday', '08:00', '12:00', 2000, NULL, 2012),
(2843, 'Thursday', '08:00', '12:00', 2000, NULL, 2012),
(2844, 'Friday', '08:00', '12:00', 2000, NULL, 2012),
(2845, 'Saturday', '08:00', '12:00', 2000, NULL, 2012),
(2846, 'Sunday', '08:00', '16:00', 2000, NULL, 2012),
(2847, 'Monday', '08:00', '16:00', 2000, NULL, 2012),
(2848, 'Tuesday', '08:00', '16:00', 2000, NULL, 2012),
(2849, 'Wednesday', '08:00', '16:00', 2000, NULL, 2012),
(2850, 'Thursday', '08:00', '16:00', 2000, NULL, 2012),
(2851, 'Friday', '08:00', '16:00', 2000, NULL, 2012),
(2852, 'Saturday', '08:00', '16:00', 2000, NULL, 2012),
(2853, 'Sunday', '08:00', '12:00', 2000, NULL, 2012),
(2854, 'Monday', '08:00', '12:00', 2000, NULL, 2012),
(2855, 'Tuesday', '08:00', '12:00', 2000, NULL, 2012),
(2856, 'Wednesday', '08:00', '12:00', 2000, NULL, 2012),
(2857, 'Thursday', '08:00', '12:00', 2000, NULL, 2012),
(2858, 'Friday', '08:00', '12:00', 2000, NULL, 2012),
(2859, 'Saturday', '08:00', '12:00', 2000, NULL, 2012),
(2860, 'Sunday', '10:30', '14:30', 2000, NULL, 2012),
(2861, 'Monday', '10:30', '14:30', 2000, NULL, 2012),
(2862, 'Tuesday', '10:30', '14:30', 2000, NULL, 2012),
(2863, 'Wednesday', '10:30', '14:30', 2000, NULL, 2012),
(2864, 'Thursday', '10:30', '14:30', 2000, NULL, 2012),
(2865, 'Friday', '10:30', '14:30', 2000, NULL, 2012),
(2866, 'Saturday', '10:30', '14:30', 2000, NULL, 2012),
(2867, 'Sunday', '10:30', '14:30', 2000, NULL, 2012),
(2868, 'Monday', '10:30', '14:30', 2000, NULL, 2012),
(2869, 'Tuesday', '10:30', '14:30', 2000, NULL, 2012),
(2870, 'Wednesday', '10:30', '14:30', 2000, NULL, 2012),
(2871, 'Thursday', '10:30', '14:30', 2000, NULL, 2012),
(2872, 'Friday', '10:30', '14:30', 2000, NULL, 2012),
(2873, 'Saturday', '10:30', '14:30', 2000, NULL, 2012),
(2874, 'Sunday', '10:30', '14:30', 2000, NULL, 2012),
(2875, 'Monday', '10:30', '14:30', 2000, NULL, 2012),
(2876, 'Tuesday', '10:30', '14:30', 2000, NULL, 2012),
(2877, 'Wednesday', '10:30', '14:30', 2000, NULL, 2012),
(2878, 'Thursday', '10:30', '14:30', 2000, NULL, 2012),
(2879, 'Friday', '10:30', '14:30', 2000, NULL, 2012),
(2880, 'Saturday', '10:30', '14:30', 2000, NULL, 2012),
(2881, 'Sunday', '10:30', '14:30', 2000, NULL, 2012),
(2882, 'Monday', '10:30', '14:30', 2000, NULL, 2012),
(2883, 'Tuesday', '10:30', '14:30', 2000, NULL, 2012),
(2884, 'Wednesday', '10:30', '14:30', 2000, NULL, 2012),
(2885, 'Thursday', '10:30', '14:30', 2000, NULL, 2012),
(2886, 'Friday', '10:30', '14:30', 2000, NULL, 2012),
(2887, 'Saturday', '10:30', '14:30', 2000, NULL, 2012),
(2888, 'Sunday', '10:30', '14:30', 2000, NULL, 2012),
(2889, 'Monday', '10:30', '14:30', 2000, NULL, 2012),
(2890, 'Tuesday', '10:30', '14:30', 2000, NULL, 2012),
(2891, 'Wednesday', '10:30', '14:30', 2000, NULL, 2012),
(2892, 'Thursday', '10:30', '14:30', 2000, NULL, 2012),
(2893, 'Friday', '10:30', '14:30', 2000, NULL, 2012),
(2894, 'Saturday', '10:30', '14:30', 2000, NULL, 2012),
(2895, 'Sunday', '10:30', '14:30', 2000, NULL, 2012),
(2896, 'Monday', '10:30', '14:30', 2000, NULL, 2012),
(2897, 'Tuesday', '10:30', '14:30', 2000, NULL, 2012),
(2898, 'Wednesday', '10:30', '14:30', 2000, NULL, 2012),
(2899, 'Thursday', '10:30', '14:30', 2000, NULL, 2012),
(2900, 'Friday', '10:30', '14:30', 2000, NULL, 2012),
(2901, 'Saturday', '10:30', '14:30', 2000, NULL, 2012),
(2902, 'Sunday', '11:30', '19:30', 2000, NULL, 2012),
(2903, 'Monday', '11:30', '19:30', 2000, NULL, 2012),
(2904, 'Tuesday', '11:30', '19:30', 2000, NULL, 2012),
(2905, 'Wednesday', '11:30', '19:30', 2000, NULL, 2012),
(2906, 'Thursday', '11:30', '19:30', 2000, NULL, 2012),
(2907, 'Friday', '11:30', '19:30', 2000, NULL, 2012),
(2908, 'Saturday', '11:30', '19:30', 2000, NULL, 2012),
(2909, 'Sunday', '12:30', '16:30', 2000, NULL, 2012),
(2910, 'Monday', '12:30', '16:30', 2000, NULL, 2012),
(2911, 'Tuesday', '12:30', '16:30', 2000, NULL, 2012),
(2912, 'Wednesday', '12:30', '16:30', 2000, NULL, 2012),
(2913, 'Thursday', '12:30', '16:30', 2000, NULL, 2012),
(2914, 'Friday', '12:30', '16:30', 2000, NULL, 2012),
(2915, 'Saturday', '12:30', '16:30', 2000, NULL, 2012),
(2916, 'Sunday', '12:30', '16:30', 2000, NULL, 2012),
(2917, 'Monday', '12:30', '16:30', 2000, NULL, 2012),
(2918, 'Tuesday', '12:30', '16:30', 2000, NULL, 2012),
(2919, 'Wednesday', '12:30', '16:30', 2000, NULL, 2012),
(2920, 'Thursday', '12:30', '16:30', 2000, NULL, 2012),
(2921, 'Friday', '12:30', '16:30', 2000, NULL, 2012),
(2922, 'Saturday', '12:30', '16:30', 2000, NULL, 2012),
(2923, 'Sunday', '12:30', '16:30', 2000, NULL, 2012),
(2924, 'Monday', '12:30', '16:30', 2000, NULL, 2012),
(2925, 'Tuesday', '12:30', '16:30', 2000, NULL, 2012),
(2926, 'Wednesday', '12:30', '16:30', 2000, NULL, 2012),
(2927, 'Thursday', '12:30', '16:30', 2000, NULL, 2012),
(2928, 'Friday', '12:30', '16:30', 2000, NULL, 2012),
(2929, 'Saturday', '12:30', '16:30', 2000, NULL, 2012),
(2930, 'Sunday', '12:30', '16:30', 2000, NULL, 2012),
(2931, 'Monday', '12:30', '16:30', 2000, NULL, 2012),
(2932, 'Tuesday', '12:30', '16:30', 2000, NULL, 2012),
(2933, 'Wednesday', '12:30', '16:30', 2000, NULL, 2012),
(2934, 'Thursday', '12:30', '16:30', 2000, NULL, 2012),
(2935, 'Friday', '12:30', '16:30', 2000, NULL, 2012),
(2936, 'Saturday', '12:30', '16:30', 2000, NULL, 2012),
(2937, 'Sunday', '12:30', '16:30', 2000, NULL, 2012),
(2938, 'Monday', '12:30', '16:30', 2000, NULL, 2012),
(2939, 'Tuesday', '12:30', '16:30', 2000, NULL, 2012),
(2940, 'Wednesday', '12:30', '16:30', 2000, NULL, 2012),
(2941, 'Thursday', '12:30', '16:30', 2000, NULL, 2012),
(2942, 'Friday', '12:30', '16:30', 2000, NULL, 2012),
(2943, 'Saturday', '12:30', '16:30', 2000, NULL, 2012),
(2944, 'Sunday', '12:30', '16:30', 2000, NULL, 2012),
(2945, 'Monday', '12:30', '16:30', 2000, NULL, 2012),
(2946, 'Tuesday', '12:30', '16:30', 2000, NULL, 2012),
(2947, 'Wednesday', '12:30', '16:30', 2000, NULL, 2012),
(2948, 'Thursday', '12:30', '16:30', 2000, NULL, 2012),
(2949, 'Friday', '12:30', '16:30', 2000, NULL, 2012),
(2950, 'Saturday', '12:30', '16:30', 2000, NULL, 2012),
(2951, 'Sunday', '16:00', '19:30', 2000, NULL, 2012),
(2952, 'Monday', '16:00', '19:30', 2000, NULL, 2012),
(2953, 'Tuesday', '16:00', '19:30', 2000, NULL, 2012),
(2954, 'Wednesday', '16:00', '19:30', 2000, NULL, 2012),
(2955, 'Thursday', '16:00', '19:30', 2000, NULL, 2012),
(2956, 'Friday', '16:00', '19:30', 2000, NULL, 2012),
(2957, 'Saturday', '16:00', '19:30', 2000, NULL, 2012),
(2958, 'Sunday', '16:00', '19:30', 2000, NULL, 2012),
(2959, 'Monday', '16:00', '19:30', 2000, NULL, 2012),
(2960, 'Tuesday', '16:00', '19:30', 2000, NULL, 2012),
(2961, 'Wednesday', '16:00', '19:30', 2000, NULL, 2012),
(2962, 'Thursday', '16:00', '19:30', 2000, NULL, 2012),
(2963, 'Friday', '16:00', '19:30', 2000, NULL, 2012),
(2964, 'Saturday', '16:00', '19:30', 2000, NULL, 2012),
(2965, 'Sunday', '16:00', '19:30', 2000, NULL, 2012),
(2966, 'Monday', '16:00', '19:30', 2000, NULL, 2012),
(2967, 'Tuesday', '16:00', '19:30', 2000, NULL, 2012),
(2968, 'Wednesday', '16:00', '19:30', 2000, NULL, 2012),
(2969, 'Thursday', '16:00', '19:30', 2000, NULL, 2012),
(2970, 'Friday', '16:00', '19:30', 2000, NULL, 2012),
(2971, 'Saturday', '16:00', '19:30', 2000, NULL, 2012),
(2972, 'Sunday', '16:00', '19:30', 2000, NULL, 2012),
(2973, 'Monday', '16:00', '19:30', 2000, NULL, 2012),
(2974, 'Tuesday', '16:00', '19:30', 2000, NULL, 2012),
(2975, 'Wednesday', '16:00', '19:30', 2000, NULL, 2012),
(2976, 'Thursday', '16:00', '19:30', 2000, NULL, 2012),
(2977, 'Friday', '16:00', '19:30', 2000, NULL, 2012),
(2978, 'Saturday', '16:00', '19:30', 2000, NULL, 2012),
(2979, 'Sunday', '07:00', '12:00', 3000, NULL, 3012),
(2980, 'Monday', '07:00', '12:00', 3000, NULL, 3012),
(2981, 'Tuesday', '07:00', '12:00', 3000, NULL, 3012),
(2982, 'Wednesday', '07:00', '12:00', 3000, NULL, 3012),
(2983, 'Thursday', '07:00', '12:00', 3000, NULL, 3012),
(2984, 'Friday', '07:00', '12:00', 3000, NULL, 3012),
(2985, 'Saturday', '07:00', '12:00', 3000, NULL, 3012),
(2986, 'Sunday', '07:00', '14:30', 3000, NULL, 3012),
(2987, 'Monday', '07:00', '14:30', 3000, NULL, 3012),
(2988, 'Tuesday', '07:00', '14:30', 3000, NULL, 3012),
(2989, 'Wednesday', '07:00', '14:30', 3000, NULL, 3012),
(2990, 'Thursday', '07:00', '14:30', 3000, NULL, 3012),
(2991, 'Friday', '07:00', '14:30', 3000, NULL, 3012),
(2992, 'Saturday', '07:00', '14:30', 3000, NULL, 3012),
(2993, 'Sunday', '07:00', '11:00', 3000, NULL, 3012),
(2994, 'Monday', '07:00', '11:00', 3000, NULL, 3012),
(2995, 'Tuesday', '07:00', '11:00', 3000, NULL, 3012),
(2996, 'Wednesday', '07:00', '11:00', 3000, NULL, 3012),
(2997, 'Thursday', '07:00', '11:00', 3000, NULL, 3012),
(2998, 'Friday', '07:00', '11:00', 3000, NULL, 3012),
(2999, 'Saturday', '07:00', '11:00', 3000, NULL, 3012),
(3000, 'Sunday', '08:00', '12:00', 3000, NULL, 3012),
(3001, 'Monday', '08:00', '12:00', 3000, NULL, 3012),
(3002, 'Tuesday', '08:00', '12:00', 3000, NULL, 3012),
(3003, 'Wednesday', '08:00', '12:00', 3000, NULL, 3012),
(3004, 'Thursday', '08:00', '12:00', 3000, NULL, 3012),
(3005, 'Friday', '08:00', '12:00', 3000, NULL, 3012),
(3006, 'Saturday', '08:00', '12:00', 3000, NULL, 3012),
(3007, 'Sunday', '08:00', '12:00', 3000, NULL, 3012),
(3008, 'Monday', '08:00', '12:00', 3000, NULL, 3012),
(3009, 'Tuesday', '08:00', '12:00', 3000, NULL, 3012),
(3010, 'Wednesday', '08:00', '12:00', 3000, NULL, 3012),
(3011, 'Thursday', '08:00', '12:00', 3000, NULL, 3012),
(3012, 'Friday', '08:00', '12:00', 3000, NULL, 3012),
(3013, 'Saturday', '08:00', '12:00', 3000, NULL, 3012),
(3014, 'Sunday', '09:00', '17:00', 3000, NULL, 3012),
(3015, 'Monday', '09:00', '17:00', 3000, NULL, 3012),
(3016, 'Tuesday', '09:00', '17:00', 3000, NULL, 3012),
(3017, 'Wednesday', '09:00', '17:00', 3000, NULL, 3012),
(3018, 'Thursday', '09:00', '17:00', 3000, NULL, 3012),
(3019, 'Friday', '09:00', '17:00', 3000, NULL, 3012),
(3020, 'Saturday', '09:00', '17:00', 3000, NULL, 3012),
(3021, 'Sunday', '10:00', '18:00', 3000, NULL, 3012),
(3022, 'Monday', '10:00', '18:00', 3000, NULL, 3012),
(3023, 'Tuesday', '10:00', '18:00', 3000, NULL, 3012),
(3024, 'Wednesday', '10:00', '18:00', 3000, NULL, 3012),
(3025, 'Thursday', '10:00', '18:00', 3000, NULL, 3012),
(3026, 'Friday', '10:00', '18:00', 3000, NULL, 3012),
(3027, 'Saturday', '10:00', '18:00', 3000, NULL, 3012),
(3028, 'Sunday', '11:00', '14:30', 3000, NULL, 3012),
(3029, 'Monday', '11:00', '14:30', 3000, NULL, 3012),
(3030, 'Tuesday', '11:00', '14:30', 3000, NULL, 3012),
(3031, 'Wednesday', '11:00', '14:30', 3000, NULL, 3012),
(3032, 'Thursday', '11:00', '14:30', 3000, NULL, 3012),
(3033, 'Friday', '11:00', '14:30', 3000, NULL, 3012),
(3034, 'Saturday', '11:00', '14:30', 3000, NULL, 3012),
(3035, 'Sunday', '11:00', '14:30', 3000, NULL, 3012),
(3036, 'Monday', '11:00', '14:30', 3000, NULL, 3012),
(3037, 'Tuesday', '11:00', '14:30', 3000, NULL, 3012),
(3038, 'Wednesday', '11:00', '14:30', 3000, NULL, 3012),
(3039, 'Thursday', '11:00', '14:30', 3000, NULL, 3012),
(3040, 'Friday', '11:00', '14:30', 3000, NULL, 3012),
(3041, 'Saturday', '11:00', '14:30', 3000, NULL, 3012),
(3042, 'Sunday', '11:00', '14:30', 3000, NULL, 3012),
(3043, 'Monday', '11:00', '14:30', 3000, NULL, 3012),
(3044, 'Tuesday', '11:00', '14:30', 3000, NULL, 3012),
(3045, 'Wednesday', '11:00', '14:30', 3000, NULL, 3012),
(3046, 'Thursday', '11:00', '14:30', 3000, NULL, 3012),
(3047, 'Friday', '11:00', '14:30', 3000, NULL, 3012),
(3048, 'Saturday', '11:00', '14:30', 3000, NULL, 3012),
(3049, 'Sunday', '11:00', '15:30', 3000, NULL, 3012),
(3050, 'Monday', '11:00', '15:30', 3000, NULL, 3012),
(3051, 'Tuesday', '11:00', '15:30', 3000, NULL, 3012),
(3052, 'Wednesday', '11:00', '15:30', 3000, NULL, 3012),
(3053, 'Thursday', '11:00', '15:30', 3000, NULL, 3012),
(3054, 'Friday', '11:00', '15:30', 3000, NULL, 3012),
(3055, 'Saturday', '11:00', '15:30', 3000, NULL, 3012),
(3056, 'Sunday', '11:00', '14:30', 3000, NULL, 3012),
(3057, 'Monday', '11:00', '14:30', 3000, NULL, 3012),
(3058, 'Tuesday', '11:00', '14:30', 3000, NULL, 3012),
(3059, 'Wednesday', '11:00', '14:30', 3000, NULL, 3012),
(3060, 'Thursday', '11:00', '14:30', 3000, NULL, 3012),
(3061, 'Friday', '11:00', '14:30', 3000, NULL, 3012),
(3062, 'Saturday', '11:00', '14:30', 3000, NULL, 3012),
(3063, 'Sunday', '11:00', '14:30', 3000, NULL, 3012),
(3064, 'Monday', '11:00', '14:30', 3000, NULL, 3012),
(3065, 'Tuesday', '11:00', '14:30', 3000, NULL, 3012),
(3066, 'Wednesday', '11:00', '14:30', 3000, NULL, 3012),
(3067, 'Thursday', '11:00', '14:30', 3000, NULL, 3012),
(3068, 'Friday', '11:00', '14:30', 3000, NULL, 3012),
(3069, 'Saturday', '11:00', '14:30', 3000, NULL, 3012),
(3070, 'Sunday', '14:00', '18:00', 3000, NULL, 3012),
(3071, 'Monday', '14:00', '18:00', 3000, NULL, 3012),
(3072, 'Tuesday', '14:00', '18:00', 3000, NULL, 3012),
(3073, 'Wednesday', '14:00', '18:00', 3000, NULL, 3012),
(3074, 'Thursday', '14:00', '18:00', 3000, NULL, 3012),
(3075, 'Friday', '14:00', '18:00', 3000, NULL, 3012),
(3076, 'Saturday', '14:00', '18:00', 3000, NULL, 3012),
(3077, 'Sunday', '14:00', '18:00', 3000, NULL, 3012),
(3078, 'Monday', '14:00', '18:00', 3000, NULL, 3012),
(3079, 'Tuesday', '14:00', '18:00', 3000, NULL, 3012),
(3080, 'Wednesday', '14:00', '18:00', 3000, NULL, 3012),
(3081, 'Thursday', '14:00', '18:00', 3000, NULL, 3012),
(3082, 'Friday', '14:00', '18:00', 3000, NULL, 3012),
(3083, 'Saturday', '14:00', '18:00', 3000, NULL, 3012),
(3084, 'Sunday', '14:00', '18:00', 3000, NULL, 3012),
(3085, 'Monday', '14:00', '18:00', 3000, NULL, 3012),
(3086, 'Tuesday', '14:00', '18:00', 3000, NULL, 3012),
(3087, 'Wednesday', '14:00', '18:00', 3000, NULL, 3012),
(3088, 'Thursday', '14:00', '18:00', 3000, NULL, 3012),
(3089, 'Friday', '14:00', '18:00', 3000, NULL, 3012),
(3090, 'Saturday', '14:00', '18:00', 3000, NULL, 3012),
(3091, 'Sunday', '14:00', '18:00', 3000, NULL, 3012),
(3092, 'Monday', '14:00', '18:00', 3000, NULL, 3012),
(3093, 'Tuesday', '14:00', '18:00', 3000, NULL, 3012),
(3094, 'Wednesday', '14:00', '18:00', 3000, NULL, 3012),
(3095, 'Thursday', '14:00', '18:00', 3000, NULL, 3012),
(3096, 'Friday', '14:00', '18:00', 3000, NULL, 3012),
(3097, 'Saturday', '14:00', '18:00', 3000, NULL, 3012),
(3098, 'Sunday', '14:00', '18:00', 3000, NULL, 3012),
(3099, 'Monday', '14:00', '18:00', 3000, NULL, 3012),
(3100, 'Tuesday', '14:00', '18:00', 3000, NULL, 3012),
(3101, 'Wednesday', '14:00', '18:00', 3000, NULL, 3012),
(3102, 'Thursday', '14:00', '18:00', 3000, NULL, 3012),
(3103, 'Friday', '14:00', '18:00', 3000, NULL, 3012),
(3104, 'Saturday', '14:00', '18:00', 3000, NULL, 3012),
(3105, 'Sunday', '13:30', '21:30', 3000, NULL, 3012),
(3106, 'Monday', '13:30', '21:30', 3000, NULL, 3012),
(3107, 'Tuesday', '13:30', '21:30', 3000, NULL, 3012),
(3108, 'Wednesday', '13:30', '21:30', 3000, NULL, 3012),
(3109, 'Thursday', '13:30', '21:30', 3000, NULL, 3012),
(3110, 'Friday', '13:30', '21:30', 3000, NULL, 3012),
(3111, 'Saturday', '13:30', '21:30', 3000, NULL, 3012),
(3112, 'Sunday', '17:00', '22:00', 3000, NULL, 3012),
(3113, 'Monday', '17:00', '22:00', 3000, NULL, 3012),
(3114, 'Tuesday', '17:00', '22:00', 3000, NULL, 3012),
(3115, 'Wednesday', '17:00', '22:00', 3000, NULL, 3012),
(3116, 'Thursday', '17:00', '22:00', 3000, NULL, 3012),
(3117, 'Friday', '17:00', '22:00', 3000, NULL, 3012),
(3118, 'Saturday', '17:00', '22:00', 3000, NULL, 3012),
(3119, 'Sunday', '17:30', '21:30', 3000, NULL, 3012),
(3120, 'Monday', '17:30', '21:30', 3000, NULL, 3012),
(3121, 'Tuesday', '17:30', '21:30', 3000, NULL, 3012),
(3122, 'Wednesday', '17:30', '21:30', 3000, NULL, 3012),
(3123, 'Thursday', '17:30', '21:30', 3000, NULL, 3012),
(3124, 'Friday', '17:30', '21:30', 3000, NULL, 3012),
(3125, 'Saturday', '17:30', '21:30', 3000, NULL, 3012),
(3126, 'Sunday', '17:30', '21:30', 3000, NULL, 3012),
(3127, 'Monday', '17:30', '21:30', 3000, NULL, 3012),
(3128, 'Tuesday', '17:30', '21:30', 3000, NULL, 3012),
(3129, 'Wednesday', '17:30', '21:30', 3000, NULL, 3012),
(3130, 'Thursday', '17:30', '21:30', 3000, NULL, 3012),
(3131, 'Friday', '17:30', '21:30', 3000, NULL, 3012),
(3132, 'Saturday', '17:30', '21:30', 3000, NULL, 3012),
(3133, 'Sunday', '17:30', '21:30', 3000, NULL, 3012),
(3134, 'Monday', '17:30', '21:30', 3000, NULL, 3012),
(3135, 'Tuesday', '17:30', '21:30', 3000, NULL, 3012),
(3136, 'Wednesday', '17:30', '21:30', 3000, NULL, 3012),
(3137, 'Thursday', '17:30', '21:30', 3000, NULL, 3012),
(3138, 'Friday', '17:30', '21:30', 3000, NULL, 3012),
(3139, 'Saturday', '17:30', '21:30', 3000, NULL, 3012),
(3140, 'Sunday', '17:30', '21:30', 3000, NULL, 3012),
(3141, 'Monday', '17:30', '21:30', 3000, NULL, 3012),
(3142, 'Tuesday', '17:30', '21:30', 3000, NULL, 3012),
(3143, 'Wednesday', '17:30', '21:30', 3000, NULL, 3012),
(3144, 'Thursday', '17:30', '21:30', 3000, NULL, 3012),
(3145, 'Friday', '17:30', '21:30', 3000, NULL, 3012),
(3146, 'Saturday', '17:30', '21:30', 3000, NULL, 3012),
(3147, 'Sunday', '17:30', '21:30', 3000, NULL, 3012),
(3148, 'Monday', '17:30', '21:30', 3000, NULL, 3012),
(3149, 'Tuesday', '17:30', '21:30', 3000, NULL, 3012),
(3150, 'Wednesday', '17:30', '21:30', 3000, NULL, 3012),
(3151, 'Thursday', '17:30', '21:30', 3000, NULL, 3012),
(3152, 'Friday', '17:30', '21:30', 3000, NULL, 3012),
(3153, 'Saturday', '17:30', '21:30', 3000, NULL, 3012),
(3154, 'Sunday', '18:00', '22:00', 3000, NULL, 3012),
(3155, 'Monday', '18:00', '22:00', 3000, NULL, 3012),
(3156, 'Tuesday', '18:00', '22:00', 3000, NULL, 3012),
(3157, 'Wednesday', '18:00', '22:00', 3000, NULL, 3012),
(3158, 'Thursday', '18:00', '22:00', 3000, NULL, 3012),
(3159, 'Friday', '18:00', '22:00', 3000, NULL, 3012),
(3160, 'Saturday', '18:00', '22:00', 3000, NULL, 3012),
(3161, 'Sunday', '18:00', '22:00', 3000, NULL, 3012),
(3162, 'Monday', '18:00', '22:00', 3000, NULL, 3012),
(3163, 'Tuesday', '18:00', '22:00', 3000, NULL, 3012),
(3164, 'Wednesday', '18:00', '22:00', 3000, NULL, 3012),
(3165, 'Thursday', '18:00', '22:00', 3000, NULL, 3012),
(3166, 'Friday', '18:00', '22:00', 3000, NULL, 3012),
(3167, 'Saturday', '18:00', '22:00', 3000, NULL, 3012),
(3168, 'Sunday', '18:00', '22:00', 3000, NULL, 3012),
(3169, 'Monday', '18:00', '22:00', 3000, NULL, 3012),
(3170, 'Tuesday', '18:00', '22:00', 3000, NULL, 3012),
(3171, 'Wednesday', '18:00', '22:00', 3000, NULL, 3012),
(3172, 'Thursday', '18:00', '22:00', 3000, NULL, 3012),
(3173, 'Friday', '18:00', '22:00', 3000, NULL, 3012),
(3174, 'Saturday', '18:00', '22:00', 3000, NULL, 3012);

-- --------------------------------------------------------

--
-- Table structure for table `staff`
--

CREATE TABLE `staff` (
  `sid` int(10) NOT NULL,
  `fname` varchar(50) NOT NULL,
  `lname` varchar(50) NOT NULL,
  `age` int(3) NOT NULL,
  `email` varchar(50) NOT NULL,
  `password` varchar(42) DEFAULT NULL,
  `phone` varchar(15) NOT NULL,
  `role` tinyint(1) NOT NULL
) ENGINE=InnoDB DEFAULT CHARSET=utf8mb4;

--
-- Dumping data for table `staff`
--

INSERT INTO `staff` (`sid`, `fname`, `lname`, `age`, `email`, `password`, `phone`, `role`) VALUES
(30234567, 'Bob', 'Johnson', 40, 'bjohnson@umass.edu', '*BB54A3EAA3C29D5F4C73E5BB8E1B63A2B20FFF34', '8765432109', 1),
(30345678, 'Catherine', 'Jones', 22, 'cjones@umass.edu', '*8E7CC6967681917EEF696B26C65CD6DD118CDDD0', '7654321098', 1),
(30456789, 'David', 'Lee', 32, 'dlee@umass.edu', '*CED3A2A0C6A2A735DC6E0F0058806AEBE730948E', '6543210987', 1),
(30567890, 'Emma', 'Garcia', 28, 'egarcia@umass.edu', '*757D5BC05AA32EEA06590F26F65E8AEA9EE7E627', '5432109876', 1),
(30678901, 'Frank', 'Martinez', 45, 'fmartinez@umass.edu', '*5A66AE3CBD4DB9F16B17663FDF9FE6A6984161E9', '4321098765', 1),
(30789012, 'Grace', 'Taylor', 21, 'gtaylor@umass.edu', '*05592BB5536E3CBBE854AD96EEB6C4A49966E8FB', '3210987654', 1),
(30890123, 'Henry', 'Clark', 38, 'hclark@umass.edu', '*FA80095BD7FD9649DC452F85AF931E324AD4B0FF', '2109876543', 1),
(31012345, 'Ivy', 'Anderson', 27, 'ianderson@umass.edu', '*9D44DACC288D587BF108536173FFE4502C62CCE5', '1098765432', 1),
(31024796, 'Vyshnavi', 'Shah', 22, 'vshah@umass.edu', '*123DB1E1188E8BEBD5B7D776D186592877ECE297', '4134889965', 1),
(31123456, 'Jack', 'White', 34, 'jwhite@umass.edu', '*FA481636A8C9AF98718C8400E2E18061E305E21D', '9876543210', 1),
(31234567, 'Kelly', 'Wing', 23, 'kwing@umass.edu', '*0DBAE8F7CCB4BE54F454E189D114B1AE7F1A1FB3', '8765432109', 1),
(31456789, 'Mia', 'Zhang', 29, 'mzhang@umass.edu', '*C3AD683F67CBC230340EE28A281D85632CF74B4E', '6543210987', 1),
(31678901, 'Olivia', 'Nguyen', 26, 'onguyen@umass.edu', '*9175CDF6C596B37B361AEBD9D194AA096EE505FC', '4321098765', 1),
(31789012, 'Peter', 'Liu', 33, 'pliu@umass.edu', '*31E380740959EA07B32EC251FC5440ECCCD3EB21', '3210987654', 1),
(31901234, 'Quinn', 'Brown', 24, 'qbrown@umass.edu', '*F5D8C891E20A1D97C7BB1E6A037BE9A029493576', '2109876543', 1),
(32012345, 'Ryan', 'Gupta', 36, 'rgupta@umass.edu', '*5BCAFCF97FD091EDC02A960EA4A83F01B9EAE633', '1098765432', 1),
(32123456, 'Sara', 'Patel', 19, 'spatel@umass.edu', '*9CFC889ACA21B4DC5950797703F9C9E38F022B8C', '9876543210', 1),
(32234567, 'Tom', 'Williams', 37, 'twilliams@umass.edu', '*36167D60AE74924EC347D3BB05A5C5F64B49399D', '8765432109', 1),
(32456789, 'Victor', 'Jones', 39, 'vjones@umass.edu', '*201D2BE0C56B7C8795C1C329027A7D1D528A1C23', '6543210987', 1),
(32567890, 'Wendy', 'Brown', 30, 'wbrown@umass.edu', '*4A6AAE1C361A19D5D6117FAB71D18E3DD5922981', '5432109876', 1),
(32678901, 'Xavier', 'Miller', 28, 'xmiller@umass.edu', '*EF7131317A9D12552E0B4DCF905B551D6034C233', '4321098765', 1),
(32890123, 'Zack', 'Lopez', 25, 'zlopez@umass.edu', '*48ADF1827118390893BEE58E05AA947BDF3D23D3', '2109876543', 1),
(34015607, 'Tushar', 'Budhwani', 22, 'tbudhwani@umass.edu', '*87ECABDD7A84D3DB6234FA9BA2B4013547006920', '4134661100', 1),
(34027125, 'Rishika', 'Dendi', 25, 'rdendi@umass.edu', '*0413AD9BF6144BE4BF8A4BF3A33015BEADA6A05D', '4134668871', 1),
(34028209, 'Vara Prasad', 'Gudi', 22, 'vgudi@umass.edu', '*069EE274C88DA89F560DEE53063EE03B4EBD85F3', '4134661186', 0),
(34028210, 'Bob', 'Marshal', 49, 'bob@umass.edu', '*61584B76F6ECE8FB9A328E7CF198094B2FAC55C7', '4712559985', 1),
(38915720, 'Pranav', 'Sesha', 24, 'psesha@umass.edu', '*4B06DD726B451D21136228F2931CB98EA412FD96', '6127449853', 1);

-- --------------------------------------------------------

--
-- Table structure for table `staffshift`
--

CREATE TABLE `staffshift` (
  `ssid` int(10) NOT NULL,
  `scid` int(10) NOT NULL,
  `sid` int(10) NOT NULL,
  `schid` int(10) NOT NULL,
  `cid` int(10) NOT NULL
) ENGINE=InnoDB DEFAULT CHARSET=utf8mb4;

--
-- Dumping data for table `staffshift`
--

INSERT INTO `staffshift` (`ssid`, `scid`, `sid`, `schid`, `cid`) VALUES
(25, 1010, 30890123, 0, 0),
(26, 1010, 38915720, 0, 0),
(27, 1010, 34027125, 0, 0);

-- --------------------------------------------------------

--
-- Table structure for table `subcategory`
--

CREATE TABLE `subcategory` (
  `scid` int(10) NOT NULL,
  `cid` int(10) NOT NULL,
  `scname` varchar(50) NOT NULL
) ENGINE=InnoDB DEFAULT CHARSET=utf8mb4;

--
-- Dumping data for table `subcategory`
--

INSERT INTO `subcategory` (`scid`, `cid`, `scname`) VALUES
(1010, 1000, 'Line - Asian'),
(1011, 1000, 'Line - Stir Fry'),
(1012, 1000, 'Line - Latin'),
(1013, 1000, 'Line - Deli'),
(2010, 2000, 'GrabnGo - Pack'),
(2011, 2000, 'GrabnGo - Supply'),
(2012, 2000, 'GrabnGo - Cashier'),
(3010, 3000, 'Dishroom - Dishroom'),
(3011, 3000, 'Dishroom - Potroom'),
(3012, 3000, 'Dishroom - Tables'),
(4010, 4000, 'Kitchen - AM Prep'),
(4011, 4000, 'Kitchen - Pizza'),
(4012, 4000, 'Kitchen - PM Prep');

--
-- Indexes for dumped tables
--

--
-- Indexes for table `announcements`
--
ALTER TABLE `announcements`
  ADD PRIMARY KEY (`aid`);

--
-- Indexes for table `category`
--
ALTER TABLE `category`
  ADD PRIMARY KEY (`cid`);

--
-- Indexes for table `schedule`
--
ALTER TABLE `schedule`
  ADD PRIMARY KEY (`schid`);

--
-- Indexes for table `staff`
--
ALTER TABLE `staff`
  ADD PRIMARY KEY (`sid`);

--
-- Indexes for table `staffshift`
--
ALTER TABLE `staffshift`
  ADD PRIMARY KEY (`ssid`);

--
-- Indexes for table `subcategory`
--
ALTER TABLE `subcategory`
  ADD PRIMARY KEY (`scid`);

--
-- AUTO_INCREMENT for dumped tables
--

--
-- AUTO_INCREMENT for table `announcements`
--
ALTER TABLE `announcements`
  MODIFY `aid` int(200) NOT NULL AUTO_INCREMENT, AUTO_INCREMENT=7;

--
-- AUTO_INCREMENT for table `category`
--
ALTER TABLE `category`
  MODIFY `cid` int(11) NOT NULL AUTO_INCREMENT, AUTO_INCREMENT=4001;

--
-- AUTO_INCREMENT for table `schedule`
--
ALTER TABLE `schedule`
  MODIFY `schid` int(10) NOT NULL AUTO_INCREMENT, AUTO_INCREMENT=3175;

--
-- AUTO_INCREMENT for table `staff`
--
ALTER TABLE `staff`
  MODIFY `sid` int(10) NOT NULL AUTO_INCREMENT, AUTO_INCREMENT=39789013;

--
-- AUTO_INCREMENT for table `staffshift`
--
ALTER TABLE `staffshift`
  MODIFY `ssid` int(10) NOT NULL AUTO_INCREMENT, AUTO_INCREMENT=28;

--
-- AUTO_INCREMENT for table `subcategory`
--
ALTER TABLE `subcategory`
  MODIFY `scid` int(10) NOT NULL AUTO_INCREMENT, AUTO_INCREMENT=4013;
COMMIT;

/*!40101 SET CHARACTER_SET_CLIENT=@OLD_CHARACTER_SET_CLIENT */;
/*!40101 SET CHARACTER_SET_RESULTS=@OLD_CHARACTER_SET_RESULTS */;
/*!40101 SET COLLATION_CONNECTION=@OLD_COLLATION_CONNECTION */;
